<?xml version="1.0"?>
<Hike kuid="463942t5-89aa-44rc-83ub-ad72b0nc" id="VoltMX.ResponsiveBreakV9" title="VoltMX.ResponsiveBreakV9">
    <Description> Description of hike</Description>
    <Meta>
        <Creator>Prem Garudadri</Creator>
        <Createdon>Thu, 19 Dec 2019 06:15:18 GMT</Createdon>
    </Meta>
    <Hikecard id="VoltMX.ResponsiveBreakV9.Intro"/>
    <Hikecard id="VoltMX.ResponsiveBreakV9.loginForm"/>
    <Hikecard id="VoltMX.ResponsiveBreakV9.breakpointforking"/>
    <Hikecard id="VoltMX.ResponsiveBreakV9.optimizeLayout"/>
    <Hikecard id="VoltMX.ResponsiveBreakV9.optimizeLayout1"/>
    <Hikecard id="VoltMX.ResponsiveBreakV9.optLayoutFirstName"/>
    <Hikecard id="VoltMX.ResponsiveBreakV9.optLayLastName"/>
    <Hikecard id="VoltMX.ResponsiveBreakV9.optLayNickName"/>
    <Hikecard id="VoltMX.ResponsiveBreakV9.optLayPhone"/>
    <Hikecard id="VoltMX.ResponsiveBreakV9.editPayeefrm"/>
    <Hikecard id="VoltMX.ResponsiveBreakV9.breakpointforking1"/>
    <Hikecard id="VoltMX.ResponsiveBreakV9.editoptLay"/>
    <Hikecard id="VoltMX.ResponsiveBreakV9.editoptLay1"/>
    <Hikecard id="VoltMX.ResponsiveBreakV9.editoptLayout1"/>
    <Hikecard id="VoltMX.ResponsiveBreakV9.editoptLayout2"/>
    <Hikecard id="VoltMX.ResponsiveBreakV9.edioptNickName"/>
    <Hikecard id="VoltMX.ResponsiveBreakV9.editoptLayPh"/>
    <Hikecard id="VoltMX.ResponsiveBreakV9.run"/>
    <Hikecard id="VoltMX.ResponsiveBreakV9.view"/>
    <Hikecard id="VoltMX.ResponsiveBreakV9.done"/>
</Hike>