{
  "Tour.LaunchyourRWApp92": "Description of Tour",
  "Hike.VoltMX.NewLaunchWebApp": "Description of hike",
  "Card.VoltMX.NewLaunchWebApp.Import": {
    "content": {
      "title": "Import the Web App",
      "body": "<ol>\n<li>Logging in to <strong>Volt MX</strong>  is the pre-requisite for this card. A <strong>Volt MX</strong> login page will pop up in case you have not logged in to your <strong>Volt MX</strong> account yet, please log in first before proceeding to the next steps.</li>\n<li>From the main menu of the Iris, navigate to <strong>Forge</strong> &gt; <strong>Browse</strong>.<br />The <strong>Volt MX Iris</strong> window appears</li>\n<li>Enter <strong>Recipients Web</strong> in the search bar and click the search icon to continue.</li>\n<li>In the list that appears, select <strong>Recipients Web</strong>.<br />The details of the <strong>RecipientsWeb&nbsp;</strong>app appears.</li>\n<li>Click <strong>Import to Workspace</strong>.<br /> It may take some time for Iris to import the app.</li>\n<li>Click <strong>Continue</strong> button in popup window.</li>\n</ol>"
    },
    "navigationBar": {
      "left": {
        "text": "Previous"
      },
      "right": {
        "text": "Next"
      }
    }
  },
  "Card.VoltMX.NewLaunchWebApp.Import1": {
    "content": {
      "title": "Import the Web App",
      "body": "<ol>\n<li>After the app is imported, a <strong>Volt MX Iris</strong> dialog appears.<br />Click <strong>OK</strong>.</li>\n<li>From the main menu of the Iris, navigate to <strong>Project</strong> &gt; <strong>Open</strong> &gt; <strong>HCL Reference Architecture</strong>, and select <strong>RecipientsWebApp</strong>.<br />The application opens in the <strong>Storyboard</strong> view.</li>\n<li>From the top of the Iris canvas, from the drop-down list, select <strong>Web:1380</strong>.</li>\n</ol>"
    },
    "navigationBar": {
      "left": {
        "text": "Previous"
      },
      "right": {
        "text": "Next"
      }
    }
  },
  "Card.VoltMX.NewLaunchWebApp.Intro": {
    "content": {
      "title": "Welcome to Volt MX Iris!",
      "body": "<p><strong>Let&rsquo;s get started!</strong></p><br/>\n<p>In this hike, we will:</p>\n<ul>\n<li>Import a sample web app that shows lists of Accounts and Recipients</li>\n<li>Preview the sample app on your computer</li>\n</ul><br/>Before you get started, download and extract the sample csv file from <a href='#'onClick='javascript:openURL(\"https://github.com/HCL-TECH-SOFTWARE/volt-mx-tutorials/raw/master/public/samples/SampleCSV.zip\")'>here</a>. Note the location of the extracted file.<br/>\n<p><strong>When you are ready, click Start!</strong></p>"
    },
    "navigationBar": {
      "left": {
        "text": "Previous"
      },
      "right": {
        "text": "Start"
      }
    }
  },
  "Card.VoltMX.NewLaunchWebApp.Settings1": {
    "content": {
      "title": "Settings for the Live Preview",
      "body": "<ol>\n<li>From the main menu, select <strong>Build</strong>.</li>\n<li>Click <strong>Live Preview Settings</strong>.</li>\n</ol>"
    },
    "navigationBar": {
      "left": {
        "text": "Previous"
      },
      "right": {
        "text": "Next"
      }
    }
  },
  "Card.VoltMX.NewLaunchWebApp.Viewing": {
    "content": {
      "title": "Explore the App",
      "body": "<ol>\n<li>Enter the following login credentials in your app:\n<ul>\n<li>Username: <strong>john.doe@woodburn.com</strong></li>\n<li>Password: <strong>VoltMX@123</strong></li>\n</ul>\n</li>\n<li>Click <strong>Login</strong>. <br /> The <strong>Accounts List </strong>appears.</li>\n<li>Click <strong>Recipients</strong>. <br /> The <strong>Recipients&nbsp;list</strong> appears.</li>\n</ol>\n<p>In the Recipients page, you can do the following:</p>\n<ul style=\"list-style-type: circle;\">\n<li>Click the add (<strong>+</strong>) icon, to add a&nbsp;recipient&nbsp;to your account.</li>\n<li>Select a recipient from the list to view their details.<br />From the details page, you can edit or delete the recipient.</li>\n</ul>"
    },
    "navigationBar": {
      "left": {
        "text": "Previous"
      },
      "right": {
        "text": "Next"
      }
    }
  },
  "Card.VoltMX.NewLaunchWebApp.adduser": {
    "content": {
      "title": "Add Sample User",
      "body": "<ol>\n<li>From the <strong>Data &amp; Services</strong><strong>&nbsp;</strong>panel on the top right of your canvas, expand&nbsp;<strong>Project Services</strong>.</li>\n<li>Right-click on <strong>UserAuthentication </strong> and select <strong>Edit</strong>. The <strong>Edit Identity Service</strong> window appears.</li>\n<li>Click <strong>Import Users</strong>. The <strong>Import Users</strong> window appears.</li>\n<li>Click <strong>Choose File</strong>. The window explorer appears.</li>\n<li>Navigate to the location of the <strong>exportUsers.csv</strong> file, select the file and click <strong>Open</strong>.</li>\n<li>Click <strong>Import</strong>.</li>\n<li>Close the <strong>Edit Identity Service</strong> window.</li>\n</ol>"
    },
    "navigationBar": {
      "left": {
        "text": "Previous"
      },
      "right": {
        "text": "Next"
      }
    }
  },
  "Card.VoltMX.NewLaunchWebApp.done": {
    "content": {
      "title": "Explore the App",
      "body": "<p>You have successfully:</p>\n<ul>\n<li><strong>Imported a Web app</strong></li>\n<li><strong>Launched the app on a computer using the Live Preview</strong></li>\n</ul><br/>\n<p>To learn how to create this app on your own, check out the next hike: <a class=\"tour-link\" tour=\"220f01t3-bda6-40r0-92uf-56631bnb\"><b>2. Create UI from Collections</b></a>.</p>"
    },
    "navigationBar": {
      "left": {
        "text": "Previous"
      },
      "right": {
        "text": "Done"
      }
    }
  },
  "Card.VoltMX.NewLaunchWebApp.explore": {
    "content": {
      "title": "Explore the App",
      "body": "<p>Once the application is imported, you can explore the different forms in the application.</p><br/>\n<p>You can view the forms in two different views: The <strong>Storyboard</strong> view and the <strong>Design</strong> view.</p><br/>\n<p>The application opens in the <strong>Storyboard</strong> view. You can view the different forms inside the app and connections between forms in the Storyboard view.</p><br/>\n<p>To view the <strong>Properties</strong> of each widget in a form, double click on any form to open the form in the <strong>Design View</strong>. You can also select the <strong>Design&nbsp;</strong>tab to navigate to the <strong>Design</strong> view.</p>"
    },
    "navigationBar": {
      "left": {
        "text": "Previous"
      },
      "right": {
        "text": "Next"
      }
    }
  },
  "Card.VoltMX.NewLaunchWebApp.explore1": {
    "content": {
      "title": "Explore the App",
      "body": "<ol>\n<li>In the <strong>Design View</strong>, to view the different forms inside the app, navigate to the <strong>Project</strong> explorer, and expand <strong>Responsive Web / Desktop</strong> &gt; <strong>Forms</strong>.</li>\n<li>You can see six forms inside the app. Click on each form and see what the canvas displays.</li>\n<li>Change the canvas size from 100% to an appropriate percentage to view all the UI elements.</li>\n</ol>"
    },
    "navigationBar": {
      "left": {
        "text": "Previous"
      },
      "right": {
        "text": "Next"
      }
    }
  },
  "Card.VoltMX.NewLaunchWebApp.publish1": {
    "content": {
      "title": "Run the App",
      "body": "<ol>\n<li>From the <strong>Live Preview Settings</strong> window, under <strong>Platforms and Channels</strong>, select the checkbox next to <strong>Responsive Web</strong>.<br /> Ensure that you have unselected the checkboxes for all the other platforms and channels.</li>\n<li>Click <strong>Save &amp; Run</strong>.<br /> It may take some time for Iris to run the app.</li>\n</ol>"
    },
    "navigationBar": {
      "left": {
        "text": "Previous"
      },
      "right": {
        "text": "Next"
      }
    }
  }
}