{
    "kuid": "207b3dt2-12a3-45r2-97u9-db2162nd",
    "id": "VoltMX.CreateDetailsNative_v9.nav",
    "content": {
        "title": "Add Navigation to Recipients Screen",
        "body": "<ol>\n<li>From the <strong>Project </strong> explorer, expand <strong>Mobile</strong> &gt; <strong>Forms</strong> &gt; <strong>frmDetails</strong> &gt; <strong>flexFooter</strong> and select <strong>flxRecipientSelected</strong>.</li>\n<li>From the <strong>Properties</strong> panel, navigate to the <strong>Action </strong>tab.</li>\n<li>For the <strong>onClick</strong> event, click <strong>Edit</strong>. <br />The <strong>Action Editor</strong> window appears.</li>\n</ol>"
    },
    "pointer": {
        "direction": "left",
        "element": {
            "module": "projectexplorer",
            "path": "project-body\\project\\Mobile\\Forms\\frmDetails"
        },
        "type": "default"
    },
    "navigationType": "manual",
    "navigationBar": {
        "left": {
            "text": "Previous",
            "enable": true,
            "hide": false
        },
        "right": {
            "text": "Next",
            "enable": true,
            "hide": false
        }
    },
    "navigationCondition": "",
    "position": "BOTTOM_LEFT",
    "meta": {
        "Creator": "Rashmi Menon",
        "CreatedOn": "Mon, 23 Mar 2020 09:59:11 GMT"
    },
    "context": []
}