{
    "kuid": "516281t9-4bae-47r3-8bu0-a24761nc",
    "id": "VoltMX.AuthApp.AddUser",
    "content": {
        "title": "Add a User to the Repository",
        "body": "<ol>\n<li>Click <strong>Add User</strong>.<br /> The<strong> Add User </strong>window appears.</li>\n<li>Enter the following values in the respective fields:\n<ul>\n<li>Email/Username:<strong>&nbsp;john.doe@woodburn.com</strong></li>\n<li>First Name:<strong>&nbsp;John</strong></li>\n<li>Last Name:<strong>&nbsp;Doe</strong></li>\n<li>Password:<strong> VoltMX@123</strong></li>\n<li>Re-Enter Password:<strong> VoltMX@123</strong></li>\n<li>Entering a Phone number is optional</li>\n<li>From <strong>Add / Select Group (s)</strong>, ensure the checkbox for <strong>Members </strong>is selected from the drop-down.</li>\n</ul>\n</li>\n<li>Click <strong>Add User</strong>.</li>\n</ol>\n<p>A user is added to the repository.<br /> Note the <strong>Login</strong> credentials for testing.</p>"
    },
    "pointer": {
        "direction": "left",
        "element": "",
        "type": "none"
    },
    "navigationType": "manual",
    "navigationBar": {
        "left": {
            "text": "Previous",
            "enable": true,
            "hide": false
        },
        "right": {
            "text": "Next",
            "enable": true,
            "hide": false
        }
    },
    "navigationCondition": "",
    "position": "BOTTOM_RIGHT",
    "meta": {
        "Creator": "Deepti Ravula",
        "CreatedOn": "Thu, 19 Dec 2019 06:35:42 GMT"
    },
    "context": []
}