{
    "kuid": "ca7db2tc-72aa-45r5-9du7-968f94n8",
    "id": "VoltMX.CreateDetailsNat_v9.createDetailsSc",
    "content": {
        "title": "Create Recipient Details Screen",
        "body": "<ol>\n<li>From the <strong>Project </strong>explorer, expand <strong>Mobile</strong>.</li>\n<li>Right-click <strong>Form</strong>, and select <strong>New Form</strong>.</li>\n<li>Right-click <strong>Form1</strong>, and select <strong>Rename</strong>.</li>\n<li>Rename the form from <strong>Form1</strong> to <strong>frmDetails</strong>.</li>\n</ol>"
    },
    "pointer": {
        "direction": "left",
        "element": {
            "module": "projectexplorer",
            "path": "project-body\\project\\Mobile"
        },
        "type": "default"
    },
    "navigationType": "manual",
    "navigationBar": {
        "left": {
            "text": "Previous",
            "enable": true,
            "hide": false
        },
        "right": {
            "text": "Next",
            "enable": true,
            "hide": false
        }
    },
    "navigationCondition": "",
    "position": "BOTTOM_RIGHT",
    "meta": {
        "Creator": "Rashmi Menon",
        "CreatedOn": "Mon, 24 Feb 2020 06:51:07 GMT"
    },
    "context": []
}