{
    "kuid": "f778a8t7-c5a7-47r7-b8ub-de01f9n9",
    "id": "VoltMX.FlexPropertiesV9.AddButton",
    "content": {
        "title": "Add Button to the Form",
        "body": "<ol>\n<li>From the bottom-left of the Iris, navigate to the <strong>Default Library</strong>.</li>\n<li>Next to the <b>Default Library,</b> you will see the <b>My Libraries </b>tab and a search icon. Click the search icon 🔍.</li>\n<li>In the search bar that appears, enter <b>Button.</b></li>\n<li>From the result, under <b>Default, </b>find <b>Button</b>.</li>\n<li> Drag and drop the <strong>Button </strong>widget onto the <strong>frmFlex</strong> form on the canvas.</li>\n<li>From the <b>Project</b> explorer, expand <b>Mobile</b> &gt; <b>Forms</b> &gt; <b>frmFlex</b>.</li>\n<li>Right-click on the button named as <b>ButtonXXXX</b> under <b>frmFlex</b>, Select <b>Rename</b> and rename the button from <b>ButtonXXXX</b> to <b>btnLayout</b>.</li>\n</ol>"
    },
    "pointer": {
        "direction": "left",
        "element": {
            "module": "konylibrary",
            "path": "default-body\\widgets\\default\\Button"
        },
        "type": "default"
    },
    "navigationType": "manual",
    "navigationBar": {
        "left": {
            "text": "Previous",
            "enable": true,
            "hide": false
        },
        "right": {
            "text": "Next",
            "enable": true,
            "hide": false
        }
    },
    "navigationCondition": "",
    "position": "BOTTOM_RIGHT",
    "meta": {
        "Creator": "Rashmi Menon",
        "CreatedOn": "Mon, 25 Nov 2019 08:41:14 GMT"
    },
    "context": []
}