{
    "kuid": "52ce00t1-2bac-4drd-90u6-d1d744nf",
    "id": "VoltMX.CreateDetailsNative_v9.UIchange2",
    "content": {
        "title": "Recipients Details Screen UI",
        "body": "<ol>\n<li>From the <strong>What would you like to generate?</strong> window, select <strong>Details Using Response</strong>.</li>\n<li>Click <strong>OK</strong>.<br />A new window appears, asking whether you want to generate navigation from <strong>frmRecipients</strong>.</li>\n<li>Click <strong>Yes</strong>.<br />Iris may take some time to load the parameters and generate the UI.<br />The UI for <strong>frmDetails</strong> screen is created.</li>\n</ol>"
    },
    "pointer": {
        "direction": "left",
        "element": "",
        "type": "none"
    },
    "navigationType": "manual",
    "navigationBar": {
        "left": {
            "text": "Previous",
            "enable": true,
            "hide": false
        },
        "right": {
            "text": "Next",
            "enable": true,
            "hide": false
        }
    },
    "navigationCondition": "",
    "position": "BOTTOM_RIGHT",
    "meta": {
        "Creator": "Rashmi Menon",
        "CreatedOn": "Mon, 24 Feb 2020 08:19:18 GMT"
    },
    "context": []
}