{
    "kuid": "849dabte-4eae-47r3-86u6-7a7080nd",
    "id": "VoltMX.ApplicationChannelsV9.ChannelWeb",
    "content": {
        "title": "Application Channel: Desktop Web",
        "body": "<ol><li>From the <b>Project</b> explorer on the top left of your canvas, expand <b>Responsive Web / Desktop</b>.</li>\n<li>Expand <b>Forms</b>.<br > Notice the forms created in the sample app for the Desktop web.</li>"
    },
    "pointer": {
        "direction": "left",
        "element": {
            "module": "projectexplorer",
            "path": "project-body\\project\\Responsive Web / Desktop"
        },
        "type": "default"
    },
    "navigationType": "manual",
    "navigationBar": {
        "left": {
            "text": "Previous",
            "enable": true,
            "hide": false
        },
        "right": {
            "text": "Next",
            "enable": true,
            "hide": false
        }
    },
    "navigationCondition": "",
    "position": "BOTTOM_RIGHT",
    "meta": {
        "Creator": "Rashmi Menon",
        "CreatedOn": "Tue, 26 Nov 2019 08:10:20 GMT"
    },
    "context": []
}