{
  "Tour.FlexPropertiesV9": "Description of Tour",
  "Hike.VoltMX.FlexPropertiesV9": "Description of hike",
  "Card.VoltMX.FlexPropertiesV9.AddButton": {
    "content": {
      "title": "Add Button to the Form",
      "body": "<ol>\n<li>From the bottom-left of the Iris, navigate to the <strong>Default Library</strong>.</li>\n<li>Next to the <b>Default Library,</b> you will see the <b>My Libraries </b>tab and a search icon. Click the search icon 🔍.</li>\n<li>In the search bar that appears, enter <b>Button.</b></li>\n<li>From the result, under <b>Default, </b>find <b>Button</b>.</li>\n<li> Drag and drop the <strong>Button </strong>widget onto the <strong>frmFlex</strong> form on the canvas.</li>\n<li>From the <b>Project</b> explorer, expand <b>Mobile</b> &gt; <b>Forms</b> &gt; <b>frmFlex</b>.</li>\n<li>Right-click on the button named as <b>ButtonXXXX</b> under <b>frmFlex</b>, Select <b>Rename</b> and rename the button from <b>ButtonXXXX</b> to <b>btnLayout</b>.</li>\n</ol>"
    },
    "navigationBar": {
      "left": {
        "text": "Previous"
      },
      "right": {
        "text": "Next"
      }
    }
  },
  "Card.VoltMX.FlexPropertiesV9.AppViewDone": {
    "content": {
      "title": "View the App",
      "body": "<ol>\n<li>On your <b>Volt MX App</b>, click <b>Launch</b>.<br />\nIf you are prompted to provide the application name, enter <b>FlexTutorial</b> and click <b>Launch</b>.</li><li>To <b>Exit</b> the preview, swipe two fingers from left to right or shake your mobile.</li>\n</ol>"
    },
    "navigationBar": {
      "left": {
        "text": "Previous"
      },
      "right": {
        "text": "Next"
      }
    }
  },
  "Card.VoltMX.FlexPropertiesV9.AppViewer": {
    "content": {
      "title": "Volt MX App",
      "body": "<ol>\n<li>Connect your <b>mobile</b> to your computer using a USB cable.<br />\nFor Android devices, make sure you use USB to <b>Transfer Files</b>.</li>\n<li>Launch the <b>Volt MX App</b> on your <b>mobile</b>.</li>\n<li>Select the <b>USB</b> tab.</li>\n<li>On successful connection, <b>Iris</b> on your computer shows a success prompt.<br />\nAt the same time, the USB icon turns green on your <b>Volt MX App</b>.</li>\n</ol>"
    },
    "navigationBar": {
      "left": {
        "text": "Previous"
      },
      "right": {
        "text": "Next"
      }
    }
  },
  "Card.VoltMX.FlexPropertiesV9.CenteringXY": {
    "content": {
      "title": "Aligning Widgets Across the X and Y Axis",
      "body": "<ol>\n<li>From the <strong>Properties</strong> panel, exand <strong>Look</strong> &gt; <strong>Flex </strong>on the top right of your canvas.</li>\n<li>Set:\n<ul>\n<li><strong>Center X</strong> to <strong>50%</strong></li>\n<li><strong>Center Y</strong> to <strong>50%</strong></li>\n</ul>\nNotice that the widget has moved to the center of the form on the canvas.</li>\n</ol>"
    },
    "navigationBar": {
      "left": {
        "text": "Previous"
      },
      "right": {
        "text": "Next"
      }
    }
  },
  "Card.VoltMX.FlexPropertiesV9.ChBottom": {
    "content": {
      "title": "Layout Bottom Properties",
      "body": "<ol>\n<li>From the <strong>Properties </strong>panel, expand <strong>Look </strong> &gt; <strong>Flex</strong> on the top right of your canvas.</li>\n<li>Change the <strong>Bottom</strong> property to <strong>0 DP</strong>.</li>\n<li>Blank out the <strong>Top</strong> property.</li>\n</ol>\n<p>Notice the button is now docked to the bottom of the screen on the canvas.</p>"
    },
    "navigationBar": {
      "left": {
        "text": "Previous"
      },
      "right": {
        "text": "Next"
      }
    }
  },
  "Card.VoltMX.FlexPropertiesV9.ChLeftRight": {
    "content": {
      "title": "Change Left and Right Properties",
      "body": "<ol>\n<li>From the <strong>Properties</strong> panel, expand <strong>Look</strong> &gt; <strong>Flex</strong> on the top right of your canvas.</li>\n<li>Change the <strong>Left</strong> property to <strong>30 DP</strong>.<br />Notice that the widget moves a little to the left of the canvas.</li>\n<li>Similarly, change the <strong>Right </strong>property to <strong>5 DP. <br /></strong>Blank out the <strong>Left</strong> property.<br />Notice that the widget moves to the right of the canvas.</li>\n</ol>"
    },
    "navigationBar": {
      "left": {
        "text": "Previous"
      },
      "right": {
        "text": "Next"
      }
    }
  },
  "Card.VoltMX.FlexPropertiesV9.ChTop": {
    "content": {
      "title": "Layout Top Properties",
      "body": "<ol>\n<li>From the <strong>Project</strong> explorer expand <strong>Mobile</strong> &gt; <strong>Forms</strong> &gt; <strong>frmFlex</strong> and select <strong>btnLayout</strong>.</li>\n<li>Navigate to the <strong>Properties</strong> panel on the top right of your canvas and select the <strong>Look</strong> tab.</li>\n<li>Under the <strong>Flex</strong> section, set the <strong>Top</strong> property to <strong>0 Dp</strong>.</li>\n</ol>\n<p>Notice the button is now docked to the top of the screen on the canvas.</p>"
    },
    "navigationBar": {
      "left": {
        "text": "Previous"
      },
      "right": {
        "text": "Next"
      }
    }
  },
  "Card.VoltMX.FlexPropertiesV9.Done": {
    "content": {
      "title": "Congratulations",
      "body": "<p>You have successfully changed the layout of the widgets in a  FlexContainer using its layout properties.</p>"
    },
    "navigationBar": {
      "left": {
        "text": "Previous"
      },
      "right": {
        "text": "Done"
      }
    }
  },
  "Card.VoltMX.FlexPropertiesV9.Intro": {
    "content": {
      "title": "Understanding Flex Layout Properties",
      "body": "<p>Flex layout provides multiple properties for managing the layout of your app. <br ><br ></p>\n<p>This hike focuses on layout properties and the rules associated with them. Follow the steps in this hike to understand the layout properties.</p>"
    },
    "navigationBar": {
      "left": {
        "text": "Previous"
      },
      "right": {
        "text": "Start"
      }
    }
  },
  "Card.VoltMX.FlexPropertiesV9.Zindex": {
    "content": {
      "title": "Using Z Index to Move a Widget to the Background",
      "body": "<ol>\n<li>From the bottom-left of the Iris, navigate to the <strong>Default Library</strong>.</li>\n<li>Next to the <b>Default Library, </b>you will see the <strong>My Libraries</strong> tab and a search icon. Click the search icon 🔍.</li>\n<li>In the search bar that appears, enter <b>Logo</b>.</li>\n<li>From the results, under <b>Headers</b>, find <b>Logo</b>.</li>\n<li>Drag and drop the <b>Logo</b> component on the <b>frmFlex</b> form on the canvas.</li>\n<li>In the search bar that appears, enter <b>Search1</b>.</li>\n<li>From the results, under <b>SubHeaders</b>, find <b>Search1</b>.</li>\n<li>Drag and drop the <b>Search1</b> component on the <b>frmFlex</b> form on the canvas.</li>\n<li>To bring the <b>Logo</b> widget above the <b>Search1</b> widget,<ul><li>From the top-left <b>Project</b> explorer, expand <b>Mobile</b> &gt; <b>Forms</b> &gt; <b>frmFlex</b>, select <b>headerContainer02</b>.</li><li>From the top-right <b>Properties</b> panel, expand <b>Look</b> &gt; <b>Flex</b>, set the <b>Z Index</b> property to <b>2</b>.</li></ul></li>\n</ol>"
    },
    "navigationBar": {
      "left": {
        "text": "Previous"
      },
      "right": {
        "text": "Next"
      }
    }
  },
  "Card.VoltMX.FlexPropertiesV9.livePreview": {
    "content": {
      "title": "Settings for Live Preview",
      "body": "<ol><li>From the main menu, select <b>Build</b>.</li>\n<li>Click <b>Live Preview Settings</b>.</li>"
    },
    "navigationBar": {
      "left": {
        "text": "Previous"
      },
      "right": {
        "text": "Next"
      }
    }
  },
  "Card.VoltMX.FlexPropertiesV9.project": {
    "content": {
      "title": "Create a New Project",
      "body": "<ol>\n<li>Navigate to <strong>Project</strong> &gt; <strong>New Project</strong>.</li>\n<li>From the <strong>What do you want to start with now? </strong>window, select <strong>Native App</strong>.</li>\n<li>Click <strong>Next</strong>.<br/>The <b>You started with a Native App</b> window opens. </li>\n</ol>"
    },
    "navigationBar": {
      "left": {
        "text": "Previous"
      },
      "right": {
        "text": "Next"
      }
    }
  },
  "Card.VoltMX.FlexPropertiesV9.project2": {
    "content": {
      "title": "Create a New Project",
      "body": "<ol>\n<li>Under <strong>Project Name</strong>, enter <strong>FlexTutorial</strong>.</li>\n<li>Click <strong>Create</strong>.<br />A new application is created with <b>Form1</b> form. <br />The application opens in the <strong>Storyboard </strong>view.</li>\n</ol>"
    },
    "navigationBar": {
      "left": {
        "text": "Previous"
      },
      "right": {
        "text": "Next"
      }
    }
  },
  "Card.VoltMX.FlexPropertiesV9.rename": {
    "content": {
      "title": "Rename the Form",
      "body": "<ol>\n<li>In the <strong>Storyboard</strong> view, above the new Form, click <strong>Form1</strong>.</li>\n<li>Rename the form from <b>Form1</b> to <strong>frmFlex</strong>.</li>\n<li>To add widgets to the form, double-click on the form to move to the <strong>Design </strong>view.</li>\n</ol>"
    },
    "navigationBar": {
      "left": {
        "text": "Previous"
      },
      "right": {
        "text": "Next"
      }
    }
  },
  "Card.VoltMX.FlexPropertiesV9.run": {
    "content": {
      "title": "Run the App",
      "body": "<ol><li>From the <b>Live Preview Settings</b> window, under <b>Native</b>, select the checkboxes next to the OS of the mobile/tablet on which you are going to view the app. <br/>For example: <b>iOS </b> and <b>Android</b>.<br/>Make sure you have unselected all the other platforms and channels.</li>\n<li>Click <b>Save & Run</b>.<br/> It may take some time for Iris to show the <b>Live Preview is ready</b> window.</ol>"
    },
    "navigationBar": {
      "left": {
        "text": "Previous"
      },
      "right": {
        "text": "Next"
      }
    }
  }
}