{
    "kuid": "23fc33t1-2da7-4drd-9bue-31526cn4",
    "id": "VoltMX.AddCreateMob_v9.intro",
    "content": {
        "title": "Adding Create Recipient",
        "body": "<p><strong>Let&rsquo;s get started!</strong></p>\n<p>In this hike, you will learn how to:</p>\n<ul>\n<li>Create a create payee form.</li>\n<li>Create the UI for the create payee form using services.</li>\n</ul>\n<p>Before you get started, complete the hike:</p>\n<ol><b>\n<li><a class=\"tour-link\" tour=\"7408efte-e2aa-4cr8-a9ub-d7ba36n8\">Launch your First Mobile App</a></li><li><a class=\"tour-link\" tour=\"a617eft5-7ca8-4ard-8eu8-94cdean5\">Create UI from Collections</a></li><li><a class=\"tour-link\" tour=\"15d8c7t4-cda7-40rb-afu7-345cfcnc\">Add Authentication to the App</a></li>\n<li><a class=\"tour-link\" tour=\"a7a762t5-3eac-44r5-8bu2-89b781n1\">Creating Services for a Native App</a> </li>\n<li><a class=\"tour-link\" tour=\"fab6d8ta-91ac-4frc-8fud-14a9f7na\">Connect App UI to Data in a Native App</a></li><li><a class=\"tour-link\" tour=\"db7f07t9-c0a5-4erb-89u0-fab1ean8\">Creating Recipient Details and Delete Feature</a></li></b>\n</ol>\n<p>Ensure that you open the same project that you have created in the hikes 2 above.</p>\n<p>To open a closed project, from the main menu, navigate to <strong>Project</strong> &gt; <strong>Open</strong> &gt; <strong>HCL Reference Architecture</strong> &gt; <strong>RecipientsMobApp</strong>.</p>\n<p><strong>When you are ready, click Start!</strong></p>"
    },
    "pointer": {
        "direction": "left",
        "element": "",
        "type": "none"
    },
    "navigationType": "manual",
    "navigationBar": {
        "left": {
            "text": "Previous",
            "enable": false,
            "hide": true
        },
        "right": {
            "text": "Start",
            "enable": true,
            "hide": false
        }
    },
    "navigationCondition": "",
    "position": "CENTER",
    "meta": {
        "Creator": "Rashmi Menon",
        "CreatedOn": "Tue, 25 Feb 2020 07:48:43 GMT"
    },
    "context": []
}