{
    "kuid": "8b84e6t7-9aa7-49r2-a9u2-928f6cn8",
    "id": "VoltMX.CreateServicesWebV9.createPayeeService",
    "content": {
        "title": "Create a New Service",
        "body": "<ol>\n<li>From the <strong>Data &amp; Services</strong> panel, expand <strong>Project Services</strong>.</li>\n<li>Click <strong>Configure New</strong>.</li>\n<li>Under the <strong>Data Storage</strong> section, select <strong>Import Excel File</strong>.<br /> Iris may take some time to open the <strong>Edit Object Service</strong> window.</li>\n<li>In the <strong>Import File</strong> window, drag the <strong>Recipients.xls</strong> file from the extracted files.</li>\n<li>After the file is uploaded, click <strong>Next</strong>.</li>\n<li>Ensure that <strong>Recipients</strong> is selected under <strong>Excel Sheet Name</strong>, and then click <strong>Import</strong>.</li>\n<li>Click <strong>Done</strong>.</li>\n</ol>"
    },
    "pointer": {
        "direction": "right",
        "element": {
            "module": "datapanel",
            "itemType": "dp_tree_entry",
            "context": {},
            "path": "PROJECT SERVICES\\Configure New"
        },
        "type": "default"
    },
    "navigationType": "manual",
    "navigationBar": {
        "left": {
            "text": "Previous",
            "enable": true,
            "hide": false
        },
        "right": {
            "text": "Next",
            "enable": true,
            "hide": false
        }
    },
    "navigationCondition": "",
    "position": "BOTTOM_RIGHT",
    "meta": {
        "Creator": "Rashmi Menon",
        "CreatedOn": "Thu, 19 Dec 2019 06:24:06 GMT"
    },
    "context": []
}