{
    "kuid": "b005c4t8-d9a1-4dre-95u4-6c4935n0",
    "id": "VoltMX.IntroductionToInternationalV9.default",
    "content": {
        "title": "Set Default Locale",
        "body": "<ol>\n<li>In the <strong>Project Settings </strong>window, navigate to the <br/><strong>Internationalization (i18n)</strong> section. <br/>For <strong>Default Locale</strong>, from the drop-down list, select <strong>English (United States).</strong></li>\n<li>Click <strong>Done</strong>.</li>\n</ol>"
    },
    "pointer": {
        "direction": "left",
        "element": "",
        "type": "none"
    },
    "navigationType": "manual",
    "navigationBar": {
        "left": {
            "text": "Previous",
            "enable": true,
            "hide": false
        },
        "right": {
            "text": "Next",
            "enable": true,
            "hide": false
        }
    },
    "navigationCondition": "",
    "position": "BOTTOM_LEFT",
    "meta": {
        "Creator": "Rashmi Menon",
        "CreatedOn": "Thu, 05 Dec 2019 05:57:11 GMT"
    },
    "context": []
}