{
    "kuid": "cc4d73t9-d9aa-4frf-88uc-188d60na",
    "id": "VoltMX.CreateServicesWebV9.configurePayService",
    "content": {
        "title": "Configure the Payee Service",
        "body": "<ol>\n<li>On the top-left corner, click the service name.</li>\n<li>In the Name box, type <strong>RecipientStorage2</strong>.</li>\n<li>Under <strong>Sample Data</strong>, drag the <strong>Recipients.zip</strong> file from the extracted files.</li><li>For the  <b>Delete Strategy</b> option, select <b>Hard Delete</b>.\n<li>Click <strong>Save</strong>.</li>\n<li>Close the <strong>Edit Object Service</strong> window.<br /> It may take some time for Iris to add the service to the <strong>Project Services</strong> section.</li>\n</ol>"
    },
    "pointer": {
        "direction": "left",
        "element": "",
        "type": "none"
    },
    "navigationType": "manual",
    "navigationBar": {
        "left": {
            "text": "Previous",
            "enable": true,
            "hide": false
        },
        "right": {
            "text": "Next",
            "enable": true,
            "hide": false
        }
    },
    "navigationCondition": "",
    "position": "BOTTOM_RIGHT",
    "meta": {
        "Creator": "Rashmi Menon",
        "CreatedOn": "Thu, 19 Dec 2019 06:29:57 GMT"
    },
    "context": []
}