{
    "kuid": "9a7105tf-b1ae-4er4-88ub-9d18a9na",
    "id": "VoltMX.AddCreateMob_v9.settingData",
    "content": {
        "title": "Setting the Data",
        "body": "<ol>\n<li>From the left menu of the <strong>Action Editor, </strong>under the <strong>CONDITION</strong> section, select <b>If</b>.</li>\n<li>From the right pane of the Action Editor, under <strong>Add Condition</strong> modify the following values:<br />\n<ul>\n<li>First field &ndash; <strong>Value</strong></li>\n<li>Second field &ndash;&nbsp;<strong>Recipients.opstatus</strong></li>\n<li>Third field &ndash; <strong>Equals</strong></li>\n<li>Fourth field &ndash; <strong>Value</strong></li>\n<li>Fifth field - <strong>0</strong></li>\n</ul>\n</li>\n</ol>"
    },
    "pointer": {
        "direction": "left",
        "element": {
            "module": "actioneditor",
            "itemType": "ae-action-type",
            "info": {
                "actionType": "If"
            }
        },
        "type": "default"
    },
    "navigationType": "manual",
    "navigationBar": {
        "left": {
            "text": "Previous",
            "enable": true,
            "hide": false
        },
        "right": {
            "text": "Next",
            "enable": true,
            "hide": false
        }
    },
    "navigationCondition": "",
    "position": "BOTTOM_LEFT",
    "meta": {
        "Creator": "Rashmi Menon",
        "CreatedOn": "Wed, 26 Feb 2020 05:19:58 GMT"
    },
    "context": []
}