{
    "kuid": "3b5ceat4-09ad-4br8-aaud-57613fn3",
    "id": "VoltMX.ResponsiveBreakV9.editoptLayout1",
    "content": {
        "title": "Optimizing Layout for First Name",
        "body": "<ol>\n<li>From the <strong>Project</strong> explorer, expand <strong>Responsive Web / Desktop </strong> &gt; <strong> Forms </strong> &gt; <strong>frmEditRecipient </strong>&gt;<strong> flxEditRecipient </strong>&gt;<strong> flxEntryFields</strong> &gt; <strong>flxNames</strong>, and select <strong>flxFirstName</strong>.</li>\n<li>From the <strong>Properties </strong>panel, navigate to the <strong>Look </strong>tab.</li>\n<li>Under the <strong>Flex </strong>section, modify the following values:<br />\n<ul>\n<li>Height: <strong>66 Dp</strong></li>\n</ul>\n</li>\n</ol>"
    },
    "pointer": {
        "direction": "right",
        "element": {
            "module": "projectexplorer",
            "path": "project-body\\project\\Responsive Web / Desktop"
        },
        "type": "default"
    },
    "navigationType": "manual",
    "navigationBar": {
        "left": {
            "text": "Previous",
            "enable": true,
            "hide": false
        },
        "right": {
            "text": "Next",
            "enable": true,
            "hide": false
        }
    },
    "navigationCondition": "",
    "position": "BOTTOM_RIGHT",
    "meta": {
        "Creator": "Rashmi Menon",
        "CreatedOn": "Sat, 29 Feb 2020 03:34:04 GMT"
    },
    "context": []
}