{
    "kuid": "741213tf-3caa-4fr1-b3ud-3681fcnd",
    "id": "VoltMX.CreateDetailsScreen_v9.done",
    "content": {
        "title": "Congratulations",
        "body": "<p>You&rsquo;ve successfully:</p>\n<ul>\n<li><strong>Created the recipient detail screen</strong></li>\n<li><strong>Mapped the recipient detail UI to the services<br /></strong></li>\n<li><strong>Implemented navigation to all other forms in the app</strong></li>\n<li><strong>Implemented logout in the recipient details form<br /></strong></li>\n</ul>\n<p>For more information on creating recipients check out the next hike: <a class=\"tour-link\" tour=\"547395tb-d8ae-4fr9-b1ub-5033a6nb\"><strong>7. Add Create Recipients</strong></a>.</p>"
    },
    "pointer": {
        "direction": "left",
        "element": "",
        "type": "none"
    },
    "navigationType": "manual",
    "navigationBar": {
        "left": {
            "text": "Previous",
            "enable": true,
            "hide": false
        },
        "right": {
            "text": "Done",
            "enable": true,
            "hide": false
        }
    },
    "navigationCondition": "",
    "position": "CENTER",
    "meta": {
        "Creator": "Rashmi Menon",
        "CreatedOn": "Fri, 21 Feb 2020 11:16:50 GMT"
    },
    "context": []
}