{
    "kuid": "00af7bt8-caad-40r8-9aua-c8e1d6nc",
    "id": "VoltMX.UsingTestRecorder_v9.testPlan",
    "content": {
        "title": "Create a Test Plan",
        "body": "<ol>\n<li>From <strong>Project</strong> Explorer, expand <strong>Test Resources</strong> &gt; <strong>Jasmine</strong> &gt; <strong>Mobile</strong>, and then select <strong>Test Plans</strong>.</li>\n<li>Right-click <strong>Test Plans</strong> and select <strong>Create a Test Plan</strong>.<br />The <strong>Create Test Plan</strong> window appears.</li>\n</ol>"
    },
    "pointer": {
        "direction": "left",
        "element": {
            "module": "projectexplorer",
            "path": "project-body\\testresources\\Test Resources\\Jasmine\\Mobile\\Test Plans"
        },
        "type": "default"
    },
    "navigationType": "manual",
    "navigationBar": {
        "left": {
            "text": "Previous",
            "enable": true,
            "hide": false
        },
        "right": {
            "text": "Next",
            "enable": true,
            "hide": false
        }
    },
    "navigationCondition": "",
    "position": "BOTTOM_RIGHT",
    "meta": {
        "Creator": "Rashmi Menon",
        "CreatedOn": "Thu, 27 Feb 2020 09:17:47 GMT"
    },
    "context": []
}