{
    "kuid": "5a21bbt1-7da4-4ere-a5uc-fbfdb3ne",
    "id": "VoltMX.NewLaunchWebApp.publish1",
    "content": {
        "title": "Run the App",
        "body": "<ol>\n<li>From the <strong>Live Preview Settings</strong> window, under <strong>Platforms and Channels</strong>, select the checkbox next to <strong>Responsive Web</strong>.<br /> Ensure that you have unselected the checkboxes for all the other platforms and channels.</li>\n<li>Click <strong>Save &amp; Run</strong>.<br /> It may take some time for Iris to run the app.</li>\n</ol>"
    },
    "pointer": {
        "direction": "left",
        "element": "",
        "type": "none"
    },
    "navigationType": "manual",
    "navigationBar": {
        "left": {
            "text": "Previous",
            "enable": true,
            "hide": false
        },
        "right": {
            "text": "Next",
            "enable": true,
            "hide": false
        }
    },
    "navigationCondition": "",
    "position": "BOTTOM_RIGHT",
    "meta": {
        "Creator": "Prem Garudadri",
        "CreatedOn": "Wed, 18 Dec 2019 16:08:23 GMT"
    },
    "context": []
}