{
    "kuid": "2d442bta-e2a0-4dre-a4uc-ad7919n8",
    "id": "VoltMX.NFIBarcodeV9.eventCodeClick",
    "content": {
        "title": "Assign Event to Button",
        "body": "<ol>\n<li>From the <strong>Project </strong>explorer, expand <strong>Mobile </strong>&gt; <strong>Forms</strong> > <b>barcodeScanner</b> > <b>flxBarCodeScanner</b> and select <strong>ButtonRound</strong>.</li>\n<li>From the upper-right corner of Iris, navigate to <strong>Properties </strong>panel &gt; <strong>Action</strong>.</li>\n<li>Under <strong>General</strong>, for the <strong>onClick </strong>event, click <strong>Edit</strong>.<br/>The <b>Action Editor</b> window appears.</li>\n</ol>"
    },
    "pointer": {
        "direction": "left",
        "element": {
            "module": "projectexplorer",
            "path": "project-body\\project\\Mobile\\Forms\\barcodeScanner\\flxBarCodeScanner\\ButtonRound"
        },
        "type": "default"
    },
    "navigationType": "manual",
    "navigationBar": {
        "left": {
            "text": "Previous",
            "enable": true,
            "hide": false
        },
        "right": {
            "text": "Next",
            "enable": true,
            "hide": false
        }
    },
    "navigationCondition": "",
    "position": "BOTTOM_LEFT",
    "meta": {
        "Creator": "Rashmi Menon",
        "CreatedOn": "Thu, 09 Apr 2020 09:27:48 GMT"
    },
    "context": []
}