<?xml version="1.0"?>
<Hike kuid="21369ct4-b1aa-43r1-81u6-cd880and" id="VoltMX.CreateUIRWV9" title="VoltMX.CreateUIRWV9">
    <Description/>
    <Meta>
        <Creator>Prem Garudadri</Creator>
        <Createdon>Wed, 18 Dec 2019 16:14:04 GMT</Createdon>
    </Meta>
    <Hikecard id="CreateUIRWV9.Intro"/>
    <Hikecard id="VoltMX.CreateUIRWV9.createProject"/>
    <Hikecard id="VoltMX.CreateUIRWV9.rename"/>
    <Hikecard id="VoltMX.CreateUIRWV9.uiLogin"/>
    <Hikecard id="VoltMX.CreateUIRWV9.createForm"/>
    <Hikecard id="VoltMX.CreateUIRWV9.uiAccount"/>
    <Hikecard id="VoltMX.CreateUIRWV9.createPayees"/>
    <Hikecard id="VoltMX.CreateUIRWV9.uiPayees"/>
    <Hikecard id="VoltMX.CreateUIRWV9.addNavigation"/>
    <Hikecard id="VoltMX.CreateUIRWV9.addNavigation1"/>
    <Hikecard id="VoltMX.CreateUIRWV9.addNavigation2"/>
    <Hikecard id="VoltMX.CreateUIRWV9.addNavigation3"/>
    <Hikecard id="VoltMX.CreateUIRWV9.addNavigation4"/>
    <Hikecard id="VoltMX.CreateUIRWV9.addNav4"/>
    <Hikecard id="VoltMX.CreateUIRWV9.addNavigation5"/>
    <Hikecard id="VoltMX.CreateUIRWV9.addNavigation6"/>
    <Hikecard id="VoltMX.CreateUIRWV9.Settings1"/>
    <Hikecard id="VoltMX.CreateUIRWV9.publish1"/>
    <Hikecard id="VoltMX.CreateUIRWV9.launch"/>
    <Hikecard id="VoltMX.CreateUIRWV9.done"/>
</Hike>