{
    "kuid": "5f7845t5-ada2-4fr8-93ud-582b99n7",
    "id": "VoltMX.CreateDetailsNative_v9.header1",
    "content": {
        "title": "Configure the Header of Details Screen",
        "body": "<ol>\n<li>From the results, under the <strong>RecipientsMobile</strong> collection, right-click <strong>DetailsHeader </strong>and select <strong>Insert Into</strong>.</li>\n<li>The <b>DetailsHeader</b> is added to the <b>frmDetails</b> form.</li>\n<li>If the <strong>Resolve Conflicts</strong> window appears, click <strong>Close</strong> button.</li>\n</ol>"
    },
    "pointer": {
        "direction": "left",
        "element": {
            "module": "konylibrary",
            "path": "default-body\\defaultlibraries\\ToursMobileCollection"
        },
        "type": "default"
    },
    "navigationType": "manual",
    "navigationBar": {
        "left": {
            "text": "Previous",
            "enable": true,
            "hide": false
        },
        "right": {
            "text": "Next",
            "enable": true,
            "hide": false
        }
    },
    "navigationCondition": "",
    "position": "BOTTOM_RIGHT",
    "meta": {
        "Creator": "Rashmi Menon",
        "CreatedOn": "Mon, 24 Feb 2020 08:37:12 GMT"
    },
    "context": []
}