{
    "kuid": "0c2b5ft4-5eaf-4crc-94ua-4fdfa2n9",
    "id": "VoltMX.CreateServicesWebV9.done",
    "content": {
        "title": "Congratulations",
        "body": "<p>You have successfully:</p>\n<ul>\n<li><strong>Created and configured services for the following data</strong>\n<ul>\n<li><strong>Accounts</strong></li>\n<li><strong>Recipients</strong></li>\n</ul>\n</li>\n<li><strong>Published the services to a run-time server</strong></li>\n</ul>\n<p>&nbsp;</p>\n<p>To learn how to map the data to the UI of the app, check out the next hike:<a class=\"tour-link\" tour=\"ca148ftd-07a9-4ard-98ud-6163d4nc\"><strong> 5. Connect the App UI to Data</strong></a>.</p>"
    },
    "pointer": {
        "direction": "left",
        "element": "",
        "type": "none"
    },
    "navigationType": "manual",
    "navigationBar": {
        "left": {
            "text": "Previous",
            "enable": true,
            "hide": false
        },
        "right": {
            "text": "Done",
            "enable": true,
            "hide": false
        }
    },
    "navigationCondition": "",
    "position": "CENTER",
    "meta": {
        "Creator": "Rashmi Menon",
        "CreatedOn": "Thu, 19 Dec 2019 06:32:42 GMT"
    },
    "context": []
}