{
    "kuid": "2113fet5-cbab-45r9-a8u8-b87324n6",
    "id": "VoltMX.AddCreatePayeeWeb_v9.confLogout",
    "content": {
        "title": "Configure Logout",
        "body": "<ol>\n<li>From the <strong>Project</strong> explore, expand <strong>Responsive Web / Desktop</strong>  &gt; <strong>Forms</strong> &gt;\n<strong>frmAddRecipient </strong>&gt;<strong> flxAddRecipient </strong>&gt;<strong> flxHeader</strong>, and select <strong>flxUserLogout</strong>.</li>\n<li>From the <strong>Properties </strong>panel, navigate to the <strong>Action </strong>tab.</li>\n<li>For the <strong>onClick </strong>event, click <strong>Edit</strong>.<br /> The <strong>Action Editor</strong> window appears.</li><li>From the top-right of the <strong>Action Editor</strong> window, select the <strong>Design View</strong>.</li>\n</ol>"
    },
    "pointer": {
        "direction": "left",
        "element": {
            "module": "projectexplorer",
            "path": "project-body\\project\\Responsive Web / Desktop\\Forms\\frmAddRecipient"
        },
        "type": "default"
    },
    "navigationType": "manual",
    "navigationBar": {
        "left": {
            "text": "Previous",
            "enable": true,
            "hide": false
        },
        "right": {
            "text": "Next",
            "enable": true,
            "hide": false
        }
    },
    "navigationCondition": "",
    "position": "BOTTOM_LEFT",
    "meta": {
        "Creator": "Rashmi Menon",
        "CreatedOn": "Tue, 25 Feb 2020 05:45:41 GMT"
    },
    "context": []
}