{
    "kuid": "8c10cbtf-aaaf-4br1-b4ub-250efdn5",
    "id": "VoltMX.CreateUIRWV9.addNavigation2",
    "content": {
        "title": "Add Navigation from Account Screen",
        "body": "<ol>\n<li>From the <strong>Project</strong> explorer, expand to <strong>Responsive Web / Desktop</strong> &gt; <strong>Forms</strong> &gt; <strong>frmAccount</strong> &gt;  <strong>flxAccountList</strong> &gt; <strong> flxMenu</strong> and select <strong>flxRecipientTab</strong>.</li>\n<li>From the <strong>Properties</strong> panel, navigate to the <strong>Action</strong> tab.</li>\n<li>For the <strong>onClick </strong>event, click <strong>Edit</strong>.<br /> The <strong>Action Editor </strong>window appears.</li>\n</ol>"
    },
    "pointer": {
        "direction": "left",
        "element": {
            "module": "projectexplorer",
            "path": "project-body\\project\\Responsive Web / Desktop\\Forms\\frmAccount\\flxAccountList\\flxMenu"
        },
        "type": "default"
    },
    "navigationType": "manual",
    "navigationBar": {
        "left": {
            "text": "Previous",
            "enable": true,
            "hide": false
        },
        "right": {
            "text": "Next",
            "enable": true,
            "hide": false
        }
    },
    "navigationCondition": "",
    "position": "BOTTOM_LEFT",
    "meta": {
        "Creator": "Prem Garudadri",
        "CreatedOn": "Wed, 18 Dec 2019 16:26:22 GMT"
    },
    "context": []
}