{
    "kuid": "a9a33atf-38a4-41rb-8au2-9c6a3bn2",
    "id": "VoltMX.ShareAndPreviewAppV9.explore",
    "content": {
        "title": "Explore the App",
        "body": "<p>You will now be able to view the app on your&nbsp;<strong>mobile </strong>device.</p>\n<ol>\n<li>Enter the following login credentials in your app:\n<ul>\n<li>Username:<b>john.doe@woodburn.com</b></li>\n<li>Password:&nbsp;<strong>VoltMX@123</strong></li>\n</ul>\n</li>\n<li>Click&nbsp;<strong>Login</strong>.&nbsp;<br /> The&nbsp;<strong>Accounts List&nbsp;</strong> appears.</li>\n<li>Click&nbsp;<strong>Recipients</strong>.&nbsp;<br /> The&nbsp;<strong>Recipient list</strong> appears.</li>\n<li>Click Add<strong>(+)</strong>, to add a&nbsp;recipient to your account.</li>\n<li>Select&nbsp;a recipient from the list to view their details.<br /> From the details page, you can edit or delete the recipient.</li>\n<li>To exit the&nbsp;<strong>mobile app</strong>, swipe two fingers from left to right or shake your mobile device and click&nbsp;<strong>Exit App</strong>.</li>\n</ol>"
    },
    "pointer": {
        "direction": "left",
        "element": "",
        "type": "none"
    },
    "navigationType": "manual",
    "navigationBar": {
        "left": {
            "text": "Previous",
            "enable": true,
            "hide": false
        },
        "right": {
            "text": "Next",
            "enable": true,
            "hide": false
        }
    },
    "navigationCondition": "",
    "position": "CENTER",
    "meta": {
        "Creator": "Prem Garudadri",
        "CreatedOn": "Wed, 18 Dec 2019 09:38:24 GMT"
    },
    "context": []
}