{
    "kuid": "97ba41t0-a1a0-4erb-bau8-cc69a2nc",
    "id": "VoltMX.VoltMXOrientationV9.view",
    "content": {
        "title": "Different Views of Volt MX Iris",
        "body": "<p>Once the application is imported successfully, you can explore the different forms in the application.</p>\n<p>The application first opens in the <strong>Storyboard</strong> view. You can view the different forms inside the app and their connections in this view.</p>\n<p>To view the <strong>Properties</strong> of each widget in a form, double click on any form to go to the <strong>Design</strong> View. You can also select the <strong>Design</strong> tab to navigate to the <strong>Design</strong> view.</p>"
    },
    "pointer": {
        "direction": "top",
        "element": {
            "module": "appcanvas",
            "itemType": "ac-tab",
            "css_selector": "div[class ='view-switch-tabs']"
        },
        "type": "default"
    },
    "navigationType": "manual",
    "navigationBar": {
        "left": {
            "text": "Previous",
            "enable": true,
            "hide": false
        },
        "right": {
            "text": "Next",
            "enable": true,
            "hide": false
        }
    },
    "navigationCondition": "",
    "position": "BOTTOM_RIGHT",
    "meta": {
        "Creator": "Rashmi Menon",
        "CreatedOn": "Mon, 25 Nov 2019 06:55:49 GMT"
    },
    "context": []
}