{
    "kuid": "777b88tf-b8ab-4ar6-97u1-37702dn4",
    "id": "VoltMX.ApplicationChannelsV9.explore",
    "content": {
        "title": "View the App",
        "body": "<ol>\n<li>On your Volt MX App, click <b>Launch</b>.<br />\nIf you are prompted to provide the application name, enter <b>NewsAndWeather</b> and click <b>Launch</b>.</li><li>To <b>Exit</b> the preview, swipe two fingers from left to right or shake your mobile.</li>\n</ol>"
    },
    "pointer": {
        "direction": "left",
        "element": "",
        "type": "none"
    },
    "navigationType": "manual",
    "navigationBar": {
        "left": {
            "text": "Previous",
            "enable": true,
            "hide": false
        },
        "right": {
            "text": "Next",
            "enable": true,
            "hide": false
        }
    },
    "navigationCondition": "",
    "position": "CENTER",
    "meta": {
        "Creator": "Rashmi Menon",
        "CreatedOn": "Tue, 26 Nov 2019 08:16:38 GMT"
    },
    "context": []
}