{
    "kuid": "deaa61td-3ca7-42r7-86uf-3ae6fcn7",
    "id": "VoltMX.ApplicationChannelsV9.ChannelMob",
    "content": {
        "title": "Application Channel: Mobile",
        "body": "<ol><li>From the <b>Project</b> explorer on the top left of your canvas, expand <b>Mobile</b>.</li>\n<li>Expand <b>Forms</b>.<br > Notice the forms created in the sample app for mobile devices.</li>"
    },
    "pointer": {
        "direction": "left",
        "element": {
            "module": "projectexplorer",
            "path": "project-body\\project\\Mobile"
        },
        "type": "default"
    },
    "navigationType": "manual",
    "navigationBar": {
        "left": {
            "text": "Previous",
            "enable": true,
            "hide": false
        },
        "right": {
            "text": "Next",
            "enable": true,
            "hide": false
        }
    },
    "navigationCondition": "",
    "position": "BOTTOM_RIGHT",
    "meta": {
        "Creator": "Rashmi Menon",
        "CreatedOn": "Tue, 26 Nov 2019 08:04:47 GMT"
    },
    "context": []
}