{
  "Tour.IntroductiontoSegmentTemplatesV9": "Description of Tour",
  "Hike.VoltMX.IntrotoSegmentTempV9": "Description of hike",
  "Card.VoltMX.IntrotoSegmentTempV9.Intro": {
    "content": {
      "title": "Introduction to Segment Templates",
      "body": "<p><strong>Let&rsquo;s get started!</strong><br /><br /> In this guided tour, we will:</p>\n<ul>\n<li>Create a Segment Row template</li>\n<li>Add widgets to the template</li>\n<li>Assign the template to the Segment widget</li>\n<li>Use Inline editing to modify the template</li>\n<li>Assign an action when the row of the segment is clicked</li>\n</ul>\n<p> Before you begin, ensure that you have completed the hike: <ol><li><a class=\"tour-link\" tour=\"9b0f07t4-e9a8-49rb-83u2-876264n4\"><strong>Introduction to Segment</strong></a></li><li><a class=\"tour-link\" tour=\"06a5e8td-11a4-41r7-bbua-0696bane\"><strong>Assign Data to Segment</strong></a></li></ol>Ensure that you open the same project that you have created in the hikes 4 above.<br /> To open a closed project, from the main menu, navigate to <strong>Project</strong> &gt; <strong>Open</strong> &gt; <strong>HCL Reference Architecture</strong> &gt; <strong>EmployeeList</strong>.</p>\n<p><br /> <strong>When you&rsquo;re ready, click Start!</strong></p>"
    },
    "navigationBar": {
      "left": {
        "text": "Previous"
      },
      "right": {
        "text": "Start"
      }
    }
  },
  "Card.VoltMX.IntrotoSegmentTempV9.addingImg": {
    "content": {
      "title": "Add Image to the Template",
      "body": "<ol>\n<li>Navigate to the <strong>Default Library</strong> tab on the bottom left of your Iris.</li>\n<li>Next to the <strong>Default Library</strong>, you will see the <strong>My Libraries</strong> tab and a search icon <img src=\"https://i.ibb.co/gmMPVjC/search-Icon.png\" alt=\"search icon\" width=\"14\" height=\"14\" />. Click the search icon.</li>\n<li>In the search bar that appears, enter <strong>Image</strong>.</li>\n<li>From the results, under <strong>Default</strong>, select <strong>Image</strong>.</li>\n<li>Drag the <strong>Image</strong> widget onto <strong>flxSeg</strong> on the canvas.</li>\n<li>From the <strong>Templates</strong> explorer, right-click on the image named as <b>ImageXXXX</b> under <b>Segments</b>, select <strong>Rename</strong>.</li>\n<li>Rename the image from <b>ImageXXXX</b> to  <strong>imgEmployee</strong>.</li>\n</ol>"
    },
    "navigationBar": {
      "left": {
        "text": "Previous"
      },
      "right": {
        "text": "Next"
      }
    }
  },
  "Card.VoltMX.IntrotoSegmentTempV9.addingLbl": {
    "content": {
      "title": "Add Label to Template",
      "body": "<ol>\n<li>Navigate to the <strong>Default Library</strong> tab on the bottom left of your Iris.</li>\n<li>Next to the <strong>Default Library</strong>, you will see the <strong>My Libraries</strong> tab and a search icon <img src=\"https://i.ibb.co/gmMPVjC/search-Icon.png\" alt=\"search icon\" width=\"14\" height=\"14\" />. Click the search icon.</li>\n<li>In the search bar that appears, enter <strong>Label</strong>.</li>\n<li>From the results, under <strong>Default</strong>, select <strong>Label</strong>.</li>\n<li>Drag the <strong>Label</strong> widget onto <strong>flxSeg</strong> on the canvas.</li>\n<li>From the <strong>Templates</strong> explorer, right-click on the label named as <b>LabelXXXX</b> under <b>flxSeg</b>,  select <strong>Rename</strong>.</li>\n<li>Rename the label from <b>LabelXXXX</b> to <strong>employeeName</strong>.</li>\n</ol>"
    },
    "navigationBar": {
      "left": {
        "text": "Previous"
      },
      "right": {
        "text": "Next"
      }
    }
  },
  "Card.VoltMX.IntrotoSegmentTempV9.last": {
    "content": {
      "title": "Congratulations",
      "body": "<b>You have successfully created a form with segment and created a row template for the segment.</b><br/>\n\n<p>To learn more on what you can do with Volt MX Iris, visit <a href='#'onClick='javascript:openURL(\"https://support.hcltechsw.com/\")'>Base Camp</a>.</p>"
    },
    "navigationBar": {
      "left": {
        "text": "Previous"
      },
      "right": {
        "text": "Done"
      }
    }
  },
  "Card.VoltMX.IntrotoSegmentTempV9.positionImg": {
    "content": {
      "title": "Assign Position to the Image",
      "body": "<ol><li>From the <b>Properties</b> panel, navigate to the <b>Look</b> tab.</li>\n<li>Under the <b>Flex</b> Section, assign the following values:<ul>\n<li>Left: <b>14 Dp</b></li>\n<li>Width: <b>96 Dp</b></li>\n<li>Height: <b>93 Dp</b></li>\n<li>Center Y: <b>50%</b></li></ul></li></ol>"
    },
    "navigationBar": {
      "left": {
        "text": "Previous"
      },
      "right": {
        "text": "Next"
      }
    }
  },
  "Card.VoltMX.IntrotoSegmentTempV9.positionLbl": {
    "content": {
      "title": "Assign Position to the Label",
      "body": "<ol><li>From the <b>Properties</b> panel, navigate to the <b>Look</b> tab.</li>\n<li>Under the <b>Flex</b> section, assign the following values:<ul>\n<li>Left: <b>167 Dp</b></li>\n<li>Top: <b>7 Dp</b></li>\n<li>Width: <b>220 Dp</b></li>\n<li>Height: <b>22 Dp</b></li></ul></li></ol>"
    },
    "navigationBar": {
      "left": {
        "text": "Previous"
      },
      "right": {
        "text": "Next"
      }
    }
  },
  "Card.VoltMX.IntrotoSegmentTempV9.run": {
    "content": {
      "title": "Run the App",
      "body": "<ol>\n<li> Connect the device to the computer with a USB cable. </li><li>Open <b>Volt MX App</b> on your <b>mobile</b> device.</li><li>Select the <b>USB</b> tab.</li><li>From the left navigation bar on your Iris, click <b>Run</b>.</li><li>Enter the name <b> EmployeeList </b> and click <b>Launch</b>. <br>You can see a list form with an image and a label.</li><li>Click a row, and will show alert as you defined in previous card.</li></ol>"
    },
    "navigationBar": {
      "left": {
        "text": "Previous"
      },
      "right": {
        "text": "Next"
      }
    }
  },
  "Card.VoltMX.IntrotoSegmentTempV9.segAction": {
    "content": {
      "title": "Assign Action to Segment",
      "body": "<ol><li>From the <b>Properties</b> panel, navigate to the <b>Action</b> tab.</li>\n<li>For the <b>onRowClick</b> event, click <b>Edit</b>.<br/>The <b>Action Editor</b> window appears.</li></ol>"
    },
    "navigationBar": {
      "left": {
        "text": "Previous"
      },
      "right": {
        "text": "Next"
      }
    }
  },
  "Card.VoltMX.IntrotoSegmentTempV9.segAction1": {
    "content": {
      "title": "Assign Action to Segment",
      "body": "<ol>\n<li>From the top-right corner of the <strong>Action Editor</strong> canvas, select <strong>Design View</strong>.</li>\n<li>From the <strong>Action Editor</strong> left menu, under the <strong>CLIENT </strong>session, select <strong>Show Alert</strong>.</li>\n<li>Provide the following details in the right pane:\n<ul>\n<li>Alert Type: <strong>Info</strong></li>\n<li>Alert Title: <strong>Segment Row Clicked!</strong></li>\n<li>Yes Label: <strong>OK</strong></li>\n<li>Message Type: <strong>Expression</strong></li>\n<li>Alert Message: <strong>\"You have clicked Row:\"+this.view.employeeSegment.selectedRowIndex</strong></li>\n</ul>\n</li><li>Click <b>Save</b>.</li>\n</ol>"
    },
    "navigationBar": {
      "left": {
        "text": "Previous"
      },
      "right": {
        "text": "Next"
      }
    }
  },
  "Card.VoltMX.IntrotoSegmentTempV9.segTemplate": {
    "content": {
      "title": "Create Row Template",
      "body": "<ol><li>From the <b>Project</b> explorer, expand <b>Mobile</b> > <b>Forms</b> > <b>frmList</b>.</li>\n<li>Select <b>employeeSegment</b>.</li></ol>"
    },
    "navigationBar": {
      "left": {
        "text": "Previous"
      },
      "right": {
        "text": "Next"
      }
    }
  },
  "Card.VoltMX.IntrotoSegmentTempV9.segTemplate1": {
    "content": {
      "title": "Create Row Template",
      "body": "<ol><li>From the <b>Properties</b> panel, go to the <b>Segment</b> tab.</li>\n<li>Under the <b>General</b> section, for the property <b>Row Template</b>, from the drop-down list, select the option <b>Create New</b>.<br/>\nA new template with a FlexContainer is created under the <b>Templates</b> explorer.</li>\n<li>From the <b>Templates</b> explorer, right-click on the template named as <b>TempXXXX</b> under <b>Segments</b>, select <b>Rename</b>.</li>\n<li>Rename the template from <b>TempXXXX</b> to <b>segmentTemp</b>.</li></ol>"
    },
    "navigationBar": {
      "left": {
        "text": "Previous"
      },
      "right": {
        "text": "Next"
      }
    }
  },
  "Card.VoltMX.IntrotoSegmentTempV9.snLbl": {
    "content": {
      "title": "Assign Skin to Label",
      "body": "<ol><li>From the <b>Properties</b> panel, navigate to the <b>Skin</b> tab.</li>\n<li>Under the <b>Fonts</b> section, assign the following values:<br/>\nSize: <b>100%</b></li></ol>"
    },
    "navigationBar": {
      "left": {
        "text": "Previous"
      },
      "right": {
        "text": "Next"
      }
    }
  },
  "Card.VoltMX.IntrotoSegmentTempV9.tempEditing": {
    "content": {
      "title": "Inline Template Editing",
      "body": "<ol><li>From the <b>Project</b> explorer, expand <b>Mobile</b> > <b>Forms</b> > <b>frmList</b>.</li>\n<li>Select <b>employeeSegment</b>.</li>\n<li>In the canvas, right-click on the segment, select <b>Enable Template Editing</b>.</li>\n<li>Select the label <b>employeeName</b> inside the canvas.</li>\n<li>From the <b>Properties</b> panel, navigate to the <b>Look</b> tab.\n<li>Under the <b>Flex</b> section, modify<br/> Left: <b>143 Dp</b>.<br/>\n You can see that the change is reflected in the position of all the labels on the canvas.</li>\n<li>In the canvas, right-click on the segment, select <b>Disable Template Editing</b>.</li></ol>"
    },
    "navigationBar": {
      "left": {
        "text": "Previous"
      },
      "right": {
        "text": "Next"
      }
    }
  },
  "Card.VoltMX.IntrotoSegmentTempV9.uiTemp1": {
    "content": {
      "title": "UI of FlexContainer",
      "body": "<ol>\n<li>From the <strong>Templates</strong> explorer, expand <strong>Mobile</strong> &gt; <strong>Segments</strong> &gt; <strong>segmentTemp</strong>.</li>\n<li>Select the <strong>flexContainer</strong> under it.</li>\n<li>From the <strong>Properties</strong> panel, navigate to the <strong>Look</strong> tab.</li>\n<li>Make the following changes:\n<ul>\n<li>Under the <strong>General</strong> section, ID: <strong>flxSeg</strong></li>\n<li>Under the <strong>Flex</strong> section, Height: <strong>84 Dp</strong></li>\n</ul>\n</li>\n</ol>"
    },
    "navigationBar": {
      "left": {
        "text": "Previous"
      },
      "right": {
        "text": "Next"
      }
    }
  },
  "Card.VoltMX.IntrotoSegmentTempV9.uiTemp2": {
    "content": {
      "title": "Assign Skin to the Template",
      "body": "<ol>\n<li>From the <strong>Properties</strong> panel, navigate to the <strong>Skin</strong> tab.</li>\n<li>Under <strong>BackGround</strong> section, assign the following values:\n<ul>\n<li>Type: <strong>Single Color</strong></li>\n<li>For <strong>Color</strong>, click the square next to it.</li>\n<li>For #, enter the following value: <strong>bdbbbb</strong></li>\n<li>Opacity: <strong>100</strong></li>\n</ul>\n</li>\n</ol>"
    },
    "navigationBar": {
      "left": {
        "text": "Previous"
      },
      "right": {
        "text": "Next"
      }
    }
  }
}