{
    "kuid": "cde5f0t1-ffa5-43r5-bbu6-159134nc",
    "id": "VoltMX.NFIBarcodeV9.intro",
    "content": {
        "title": "NFI Using Third-Party Library",
        "body": "<p><strong>Native Function Interfaces (NFIs)</strong> are JavaScript wrappers that help an app developer to implement Android or iOS specific features in <strong>Volt MX Iris</strong>.</p>\n<br/>\n<p>In this hike, we will implement the Barcode Scanner feature in an app using Android-specific frameworks and NFIs.</p>\n<br/>\n<p>Barcodes store and track a variety of data such as product model numbers, batch numbers, and price. A barcode scanner or reader captures and reads the information given in a barcode.</p>"
    },
    "pointer": {
        "direction": "left",
        "element": "",
        "type": "none"
    },
    "navigationType": "manual",
    "navigationBar": {
        "left": {
            "text": "Previous",
            "enable": false,
            "hide": true
        },
        "right": {
            "text": "Start",
            "enable": true,
            "hide": false
        }
    },
    "navigationCondition": "",
    "position": "CENTER",
    "meta": {
        "Creator": "Rashmi Menon",
        "CreatedOn": "Thu, 28 Nov 2019 04:24:24 GMT"
    },
    "context": []
}