{
    "kuid": "1f80f8t1-0daa-49r5-91u1-4d38aenf",
    "id": "VoltMX.AddCreateMob_v9.uiAddRecipients",
    "content": {
        "title": "UI for Adding Recipients",
        "body": "<ol>\n<li>From the bottom-left corner of Iris, navigate to the <strong>Default Library</strong>.</li>\n<li>Next to the Default Library, you will see the <strong>My Libraries </strong>tab and a search icon. <br />Click the search icon.</li>\n<li>In the search bar that appears, enter <strong>AddRecipient</strong>.</li>\n<li>From the results, under <strong>RecipientsMobile</strong>, select <strong>AddRecipient</strong>.</li>\n<li>Drag the <strong>AddRecipient</strong> collection onto the <strong>frmAddRecipient</strong> on the canvas.</li>\n<li>If the <strong>Resolve Conflicts</strong> window appears,click <strong>Close</strong> button.</li>\n</ol>"
    },
    "pointer": {
        "direction": "left",
        "element": {
            "module": "konylibrary"
        },
        "type": "default"
    },
    "navigationType": "manual",
    "navigationBar": {
        "left": {
            "text": "Previous",
            "enable": true,
            "hide": false
        },
        "right": {
            "text": "Next",
            "enable": true,
            "hide": false
        }
    },
    "navigationCondition": "",
    "position": "BOTTOM_RIGHT",
    "meta": {
        "Creator": "Rashmi Menon",
        "CreatedOn": "Wed, 26 Feb 2020 04:34:47 GMT"
    },
    "context": []
}