{
  "Tour.CreateUIfromCollections-Web": "Description of Tour",
  "Hike.VoltMX.CreateUIRWV9": "",
  "Card.CreateUIRWV9.Intro": {
    "content": {
      "title": "Introduction to Responsive Web App",
      "body": "<p><strong>Let&rsquo;s get started!</strong></p>\n<p>In this hike, we will:</p>\n<ul>\n<li>Create Desktop Web forms with UI elements for user interaction</li>\n<li>Add navigation to access the different forms of the app</li>\n</ul><br/>\n<p>Before you get started, complete the hike:</p>\n<ol><b>\n<li><a class=\"tour-link\" tour=\"705a94tb-faa0-47r7-a1ud-31b3dbnf\">Launch your Responsive Web App</a></li></b>\n</ol><br/>\n<p><strong>When you are ready, click Start!</strong></p>"
    },
    "navigationBar": {
      "left": {
        "text": "Previous"
      },
      "right": {
        "text": "Start"
      }
    }
  },
  "Card.VoltMX.CreateUIRWV9.Settings1": {
    "content": {
      "title": "Settings for the Live Preview",
      "body": "<ol>\n<li>From the main menu, select <strong>Build</strong>.</li>\n<li>Click <strong>Live Preview Settings</strong>.</li>\n</ol>"
    },
    "navigationBar": {
      "left": {
        "text": "Previous"
      },
      "right": {
        "text": "Next"
      }
    }
  },
  "Card.VoltMX.CreateUIRWV9.addNav4": {
    "content": {
      "title": "Adding Navigation to Accounts Screen",
      "body": "<ol><li>From the <strong>Action Editor</strong> left menu, under the <strong>GENERAL </strong>section, select <strong>Navigate to Form</strong><strong>.<br /></strong></li>\n<li>In the right pane of the <strong>Action Editor</strong>, select <strong>frmAccount</strong>.</li><li>Click <strong>Save</strong>.</li>\n</ol>"
    },
    "navigationBar": {
      "left": {
        "text": "Previous"
      },
      "right": {
        "text": "Next"
      }
    }
  },
  "Card.VoltMX.CreateUIRWV9.addNavigation": {
    "content": {
      "title": "Add Navigation from Login Screen",
      "body": "<ol>\n<li>From the <strong>Project</strong> explorer, expand <strong>Responsive Web / Desktop</strong> &gt; <strong>Forms</strong> > <strong>frmLogin</strong> > <b>flxUserLogin</b> and select <strong>btnSignin</strong>.</li>\n<li>From the <strong>Properties</strong> \n panel, navigate to the <strong>Action</strong> tab.</li>\n<li>For the <strong>onClick </strong>event, click <strong>Edit</strong>.<br /> The <strong>Action Editor </strong>window appears.</li>\n</ol>"
    },
    "navigationBar": {
      "left": {
        "text": "Previous"
      },
      "right": {
        "text": "Next"
      }
    }
  },
  "Card.VoltMX.CreateUIRWV9.addNavigation1": {
    "content": {
      "title": "Add Navigation from Login Screen",
      "body": "<ol>\n<li>From the <strong>Action Editor</strong> left menu, under the <strong>General</strong> section, select <strong>Navigate to Form</strong>.</li>\n<li>From the right pane of the <strong>Action Editor</strong>, select <strong>frmAccount</strong>.</li>\n<li>Click <strong>Save</strong>.</li>\n</ol>"
    },
    "navigationBar": {
      "left": {
        "text": "Previous"
      },
      "right": {
        "text": "Next"
      }
    }
  },
  "Card.VoltMX.CreateUIRWV9.addNavigation2": {
    "content": {
      "title": "Add Navigation from Account Screen",
      "body": "<ol>\n<li>From the <strong>Project</strong> explorer, expand to <strong>Responsive Web / Desktop</strong> &gt; <strong>Forms</strong> &gt; <strong>frmAccount</strong> &gt;  <strong>flxAccountList</strong> &gt; <strong> flxMenu</strong> and select <strong>flxRecipientTab</strong>.</li>\n<li>From the <strong>Properties</strong> panel, navigate to the <strong>Action</strong> tab.</li>\n<li>For the <strong>onClick </strong>event, click <strong>Edit</strong>.<br /> The <strong>Action Editor </strong>window appears.</li>\n</ol>"
    },
    "navigationBar": {
      "left": {
        "text": "Previous"
      },
      "right": {
        "text": "Next"
      }
    }
  },
  "Card.VoltMX.CreateUIRWV9.addNavigation3": {
    "content": {
      "title": "Add Navigation from Account Screen",
      "body": "<ol>\n<li>From the <strong>Action Editor</strong> left menu, under the <strong>General </strong>section, select <strong>Navigate to Form</strong><strong>.<br /></strong></li>\n<li>In the right pane of the <strong>Action Editor</strong>, select <strong></strong><strong>frmRecipients</strong>.</li>\n<li>Click <strong>Save</strong>.</li>\n</ol>"
    },
    "navigationBar": {
      "left": {
        "text": "Previous"
      },
      "right": {
        "text": "Next"
      }
    }
  },
  "Card.VoltMX.CreateUIRWV9.addNavigation4": {
    "content": {
      "title": "Add Navigation from Recipient List Screen",
      "body": "<ol>\n<li>From the <strong>Project</strong> explorer, expand to <strong>Responsive Web / Desktop</strong> &gt; <strong>Forms</strong> &gt; <strong>frmRecipients</strong> &gt; <strong>flxRecipientList</strong> &gt; <strong>flxMenu</strong>, and select <strong>flxAccountTab</strong>.</li>\n<li>From the <b>Properties</b> panel, navigate to the <strong>Action</strong> tab.</li>\n<li>For the <strong>onClick </strong>event, click <strong>Edit</strong>.<br /> The <strong>Action Editor </strong>window appears.</li>\n</ol>"
    },
    "navigationBar": {
      "left": {
        "text": "Previous"
      },
      "right": {
        "text": "Next"
      }
    }
  },
  "Card.VoltMX.CreateUIRWV9.addNavigation5": {
    "content": {
      "title": "Add Navigation from Recipients List Screen",
      "body": "<ol>\n<li>From the <strong>Project</strong> explorer, expand to <strong>Responsive Web / Desktop</strong> &gt; <strong>Forms</strong> &gt; <strong>frmRecipients</strong> &gt;\n<strong>flxRecipientList</strong> &gt; <strong>flxToolbar</strong> and select <strong>flxBack</strong>.</li>\n<li>From the <strong>Properties panel</strong>, navigate to the <strong>Action</strong> tab.</li>\n<li>For the <strong>onClick </strong>event, click <strong>Edit</strong>.<br /> The <strong>Action Editor </strong>window appears.</li>\n</ol>"
    },
    "navigationBar": {
      "left": {
        "text": "Previous"
      },
      "right": {
        "text": "Next"
      }
    }
  },
  "Card.VoltMX.CreateUIRWV9.addNavigation6": {
    "content": {
      "title": "Add Navigation from Payee Screen",
      "body": "<ol>\n<li>From the <strong>Action Editor</strong> left menu, under the <strong>General </strong>section, select <strong>Navigate to Form</strong>.</li>\n<li>In the right pane of the <strong>Action Editor</strong>, select <strong>frmAccount</strong></li><li>Click <strong>Save</strong>.</li>\n</ol>"
    },
    "navigationBar": {
      "left": {
        "text": "Previous"
      },
      "right": {
        "text": "Next"
      }
    }
  },
  "Card.VoltMX.CreateUIRWV9.createForm": {
    "content": {
      "title": "Create Accounts Form",
      "body": "<ol>\n<li>From the <b>Storyboard</b> view, select <strong>frmLogin,</strong> and then click the <strong>+&nbsp;</strong>icon.<br /> Iris creates a new form.</li>\n<li>Above the new form, click&nbsp;<strong>Form1</strong>.</li>\n<li>Rename the form from <strong>Form1</strong> to <strong>frmAccount</strong>.</li>\n<li>Press Enter key or Click on blank area to save the new name.</li>\n</ol>"
    },
    "navigationBar": {
      "left": {
        "text": "Previous"
      },
      "right": {
        "text": "Next"
      }
    }
  },
  "Card.VoltMX.CreateUIRWV9.createPayees": {
    "content": {
      "title": "Create Recipient List Form",
      "body": "<ol>\n<li>From the <b>Storyboard</b> view, select <strong>frmAccount,</strong> and then click the <strong>+ </strong>icon.<br />Iris creates a new form.</li>\n<li>Above the new form, click <strong>Form1</strong>.</li>\n<li>Rename the form from <strong>Form1</strong> to <strong>frmRecipients</strong>.</li>\n<li>Press Enter key or Click on blank area to save the new name.</li></ol>"
    },
    "navigationBar": {
      "left": {
        "text": "Previous"
      },
      "right": {
        "text": "Next"
      }
    }
  },
  "Card.VoltMX.CreateUIRWV9.createProject": {
    "content": {
      "title": "Create a New Project",
      "body": "<ol>\n<li>From the main menu, navigate to <strong>Project</strong>&nbsp;&gt; <strong>New Project</strong>.</li>\n<li>From the <strong>What do you want to start with now? </strong>window, select <strong>Web App</strong>.</li>\n<li>Click <strong>Next</strong>.<br /> The <strong>Which device size do you want to start building for first? </strong>window appears.</li>\n<li>Select <strong>Desktop</strong>, and then click <strong>Next</strong>.<br /> The <strong>You started with a Web App. Device size selected is Desktop</strong>. window appears.</li>\n<li>Under&nbsp;<strong>Project&nbsp;Name</strong>, enter&nbsp;<strong>RecipientsWebApp2</strong>, and then click&nbsp;<strong>Create</strong>.<br />A new application is created with&nbsp;<strong>Form1</strong>&nbsp;form.<br /> The application opens in the <strong>Storyboard</strong> view.</li>\n</ol>"
    },
    "navigationBar": {
      "left": {
        "text": "Previous"
      },
      "right": {
        "text": "Next"
      }
    }
  },
  "Card.VoltMX.CreateUIRWV9.done": {
    "content": {
      "title": "Explore the App",
      "body": "<p>You have successfully:</p>\n<ul>\n<li><strong>Created forms with UI elements for user interaction</strong></li>\n<li><strong>Added navigation between the forms</strong></li>\n<li><strong>Launched your Web app using Live Preview</strong></li>\n</ul>\n<p>To learn how to add login and logout operations&nbsp;for this app, check out the next hike: <a class=\"tour-link\" tour=\"5e1da5td-37a0-44r6-beu6-374c3cn1\"><strong>3.Add Authentication to the App</strong></a>.</p>"
    },
    "navigationBar": {
      "left": {
        "text": "Previous"
      },
      "right": {
        "text": "Done"
      }
    }
  },
  "Card.VoltMX.CreateUIRWV9.launch": {
    "content": {
      "title": "Launch the App",
      "body": "<ol>\n<li>Click the <strong>Login</strong> button on the form to view the <strong>Accounts</strong> list.<br /> You do not need login credentials for this app. You will be adding authentication to the app in later hikes.</li>\n<li>Click the Recipients tab. <br /> The <b>Recipients list</b> appears.</li></ol>"
    },
    "navigationBar": {
      "left": {
        "text": "Previous"
      },
      "right": {
        "text": "Next"
      }
    }
  },
  "Card.VoltMX.CreateUIRWV9.publish1": {
    "content": {
      "title": "Run the App",
      "body": "<ol>\n<li>From the <strong>Live Preview Settings</strong> window, under <strong>Platforms and Channels</strong>, check the box next to the <strong>Responsive Web</strong>.<br /> Ensure that you have unselected the checkboxes for all the other platforms and channels.</li>\n<li>Click <strong>Save &amp; Run</strong>.<br /> It may take some time for Iris to run the app.<br /> Once the build is complete, the sample app opens in the <strong>Volt MX Iris Preview</strong> window.</li>\n</ol>"
    },
    "navigationBar": {
      "left": {
        "text": "Previous"
      },
      "right": {
        "text": "Next"
      }
    }
  },
  "Card.VoltMX.CreateUIRWV9.rename": {
    "content": {
      "title": "Rename the Form",
      "body": "<ol>\n<li>In the <strong>Storyboard</strong> view, above the new form, click <strong>Form1</strong>.</li>\n<li>Rename the form from <strong>Form1</strong> to <strong>frmLogin</strong>.</li>\n<li>Press Enter key or Click on blank area to save the new name.</li>\n</ol>"
    },
    "navigationBar": {
      "left": {
        "text": "Previous"
      },
      "right": {
        "text": "Next"
      }
    }
  },
  "Card.VoltMX.CreateUIRWV9.uiAccount": {
    "content": {
      "title": "UI of Account Form",
      "body": "<ol>\n<li>From the left corner of the Iris canvas, navigate to the <strong>Default Library</strong>.</li>\n<li>In the search bar that appears, enter <strong>AccountList</strong>.</li>\n<li>From the results, under <strong>RecipientsWeb </strong>collection, select <strong>AccountList</strong>.</li>\n<li>Drag the <strong>AccountList </strong>collection onto <strong>frmAccount</strong> on the canvas.</li>\n</ol>"
    },
    "navigationBar": {
      "left": {
        "text": "Previous"
      },
      "right": {
        "text": "Next"
      }
    }
  },
  "Card.VoltMX.CreateUIRWV9.uiLogin": {
    "content": {
      "title": "UI of Login Screen",
      "body": "<ol>\n<li>From the left corner of the Iris canvas, navigate to the <strong>Default Library</strong>.</li>\n<li>Click the search icon.</li>\n<li>In the search bar that appears, enter <strong>UserLogin</strong>.</li>\n<li>From the results, under the <strong>RecipientsWeb </strong>collection, select <strong>UserLogin</strong>.</li>\n<li>Drag the <strong>UserLogin </strong>collection onto <strong>frmLogin</strong> on the canvas.</li>\n</ol>"
    },
    "navigationBar": {
      "left": {
        "text": "Previous"
      },
      "right": {
        "text": "Next"
      }
    }
  },
  "Card.VoltMX.CreateUIRWV9.uiPayees": {
    "content": {
      "title": "UI of Recipients List Form",
      "body": "<ol>\n<li>From the bottom-left corner of Iris, navigate to the <strong>Default Library</strong>.</li>\n<li>In the search bar that appears, enter <strong>RecipientList</strong>.</li>\n<li>From the results, under <strong>RecipientsWeb </strong>collection, select <strong>RecipientList</strong>.</li>\n<li>Drag the <strong>RecipientList </strong>collection onto <strong>frmRecipients</strong> on the canvas.</li> <li>From the top of the Iris canvas, select the <b>Design</b> tab open the forms in the <b>Design</b> view.</li>\n</ol>"
    },
    "navigationBar": {
      "left": {
        "text": "Previous"
      },
      "right": {
        "text": "Next"
      }
    }
  }
}