{
    "kuid": "626ba4tb-d4af-42r5-85u7-ec3079n1",
    "id": "VoltMX.AddaSalesforceServiceV9.addServices",
    "content": {
        "title": "Add the Salesforce Service to your App",
        "body": "<ol>\n<li>From the <strong>Data &amp; Services</strong> panel, expand <strong>Project Services</strong>.</li>\n<li>Click <strong>Configure New</strong> to get a list of prepacked services.</li>\n<li>Under <strong>Data Integration</strong>, select <strong>Salesforce</strong>.<br />The <strong>Configure Object Service</strong> window appears.</li>\n</ol>"
    },
    "pointer": {
        "direction": "right",
        "element": {
            "module": "datapanel",
            "itemType": "dp_tree_entry",
            "context": {},
            "path": "PROJECT SERVICES"
        },
        "type": "default"
    },
    "navigationType": "manual",
    "navigationBar": {
        "left": {
            "text": "Previous",
            "enable": true,
            "hide": false
        },
        "right": {
            "text": "Next",
            "enable": true,
            "hide": false
        }
    },
    "navigationCondition": "",
    "position": "BOTTOM_RIGHT",
    "meta": {
        "Creator": "Rashmi Menon",
        "CreatedOn": "Wed, 27 Nov 2019 08:32:14 GMT"
    },
    "context": []
}