{
    "kuid": "3d6b7atb-a4a7-4ere-91ue-e2b57fn6",
    "id": "VoltMX.AuthApp.DeleteUnwanted",
    "content": {
        "title": "Deleting Unwanted Actions",
        "body": "<ol>\n<li>From the top-right corner of your&nbsp;<strong>Action Editor </strong>window, select&nbsp;<strong>Design View</strong>.</li>\n<li>From the <strong>Action Editor</strong> canvas, navigate to <strong>(NAVIGATE TO FORM) (name:frmAccount)</strong>. Right-click and select <strong>Delete</strong> for this action.</li>\n<li>From the <strong>Action Editor</strong> canvas, navigate to <strong>(INVOKE SERVICE) (name: UserAuthentication2$login)</strong> &gt; <strong>Success</strong> &gt; <strong>Show Alert</strong>. Right-click and select <strong>Delete</strong> for this action.</li>\n</ol>"
    },
    "pointer": {
        "direction": "left",
        "element": {
            "module": "actioneditor",
            "css_selector": "input[class *='aeViewTypeSequenceElement']"
        },
        "type": "default"
    },
    "navigationType": "manual",
    "navigationBar": {
        "left": {
            "text": "Previous",
            "enable": true,
            "hide": false
        },
        "right": {
            "text": "Next",
            "enable": true,
            "hide": false
        }
    },
    "navigationCondition": "",
    "position": "BOTTOM_LEFT",
    "meta": {
        "Creator": "Deepti Ravula",
        "CreatedOn": "Thu, 19 Dec 2019 06:50:41 GMT"
    },
    "context": []
}