{
    "kuid": "1d8fb6t1-d7ab-41r7-96ub-702156n8",
    "id": "VoltMX.CreateDetailsNative_v9.successheader1",
    "content": {
        "title": "Add Success Header",
        "body": "<ol>\n<li>From the results, under the <strong>RecipientsMobile</strong> collection, right-click <strong>DeleteSuccessHeader </strong>and select <strong>Insert Into</strong>.</li>\n<li>The <b>DeleteSuccessHeader</b> is added to the <b>frmDetails</b> form.</li>\n<li>If the <strong>Resolve Conflicts</strong> window appears, click <strong>Close</strong> button.</li>\n</ol>"
    },
    "pointer": {
        "direction": "left",
        "element": "",
        "type": "none"
    },
    "navigationType": "manual",
    "navigationBar": {
        "left": {
            "text": "Previous",
            "enable": true,
            "hide": false
        },
        "right": {
            "text": "Next",
            "enable": true,
            "hide": false
        }
    },
    "navigationCondition": "",
    "position": "BOTTOM_RIGHT",
    "meta": {
        "Creator": "Rashmi Menon",
        "CreatedOn": "Mon, 13 Apr 2020 09:32:54 GMT"
    },
    "context": []
}