{
    "kuid": "288c88t9-caad-46r7-8cu8-517832nb",
    "id": "VoltMX.CreateEmailIdCompV9.createCont6",
    "content": {
        "title": "Design the Button Widget",
        "body": "<ol>\n<li>From the upper-right corner of Iris, in the <strong>Properties</strong> panel, click  <strong>Look</strong>.</li>\n<li>Under the <strong>Appearance</strong> section, modify the value of the following property:\n<ul>\n<li>Text: <strong> Submit </strong></li>\n</ul>\n</li>\n<li>Under the <strong>Flex</strong> section, modify the values of the following properties:<br />\n<ul>\n<li>Top: <strong>60%</strong></li>\n<li>Width: <strong> 300 Dp</strong></li>\n<li>Center X: <strong>50% </strong></li>\n</ul>\n</li>\n</ol>"
    },
    "pointer": {
        "direction": "right",
        "element": {
            "module": "propertieswindow",
            "css_selector": ".kcell ul li div[id ='frmKonyLib_Look_A']"
        },
        "type": "default"
    },
    "navigationType": "manual",
    "navigationBar": {
        "left": {
            "text": "Previous",
            "enable": true,
            "hide": false
        },
        "right": {
            "text": "Next",
            "enable": true,
            "hide": false
        }
    },
    "navigationCondition": "",
    "position": "BOTTOM_RIGHT",
    "meta": {
        "Creator": "Rashmi Menon",
        "CreatedOn": "Tue, 26 Nov 2019 05:57:48 GMT"
    },
    "context": []
}