{
    "kuid": "345191t1-16a2-46r6-97ue-0af796n7",
    "id": "VoltMX.AddCreateMob_v9.view",
    "content": {
        "title": "View the App",
        "body": "<ol>\n<li>Enter the following login credentials in your app.\n<ul>\n<li>Username: <strong>john.doe@woodburn.com</strong></li>\n<li>Password: <strong>VoltMX@123</strong></li>\n</ul>\n</li>\n<li>Click <strong>Login</strong>.<br /> The <strong>Accounts List</strong> appears.</li>\n<li>Click <strong>Recipients</strong>.<br /> The <strong>Recipient list</strong> appears.</li>\n<li>Click the add <strong>(+) </strong>icon to add a recipient.</li>\n<li>Select a recipient from the list to view their details.<br />From the details page, you can delete the recipient.<br />We will be adding the edit functionality of recipients in the next hike.</li>\n<li>To exit the app on your <strong>mobile</strong> device, swipe two fingers from left to right or shake your mobile device and click <strong>Exit App</strong>.</li>\n</ol>"
    },
    "pointer": {
        "direction": "left",
        "element": "",
        "type": "none"
    },
    "navigationType": "manual",
    "navigationBar": {
        "left": {
            "text": "Previous",
            "enable": true,
            "hide": false
        },
        "right": {
            "text": "Next",
            "enable": true,
            "hide": false
        }
    },
    "navigationCondition": "",
    "position": "CENTER",
    "meta": {
        "Creator": "Rashmi Menon",
        "CreatedOn": "Wed, 26 Feb 2020 05:42:20 GMT"
    },
    "context": []
}