{
    "kuid": "5b9bb4t5-dfa7-47rb-bau6-068fd2n2",
    "id": "VoltMX.IntroductionToInternationalizat.Intro",
    "content": {
        "title": "Introduction to Internationalization",
        "body": "<p><strong>Internationalization(i18n)</strong> helps you to display the content of your application based on the locale of the device.</p>\n<p>To incorporate i18n in your application, you must define the key-value pairs of the various fields, such as placeholders and texts. Here, key is the field and values are the translation of the keys in the required languages.</p>\n<p>In this hike you will:</p>\n<ul>\n<li>Configure locales specific to Spanish and English for an app</li>\n<li>Add key-value pair for various texts displayed in the app for Spanish and English</li>\n</ul>\n<p><strong>When you&rsquo;re ready, click Start!</strong></p>"
    },
    "pointer": {
        "direction": "left",
        "element": "",
        "type": "none"
    },
    "navigationType": "manual",
    "navigationBar": {
        "left": {
            "text": "Previous",
            "enable": false,
            "hide": true
        },
        "right": {
            "text": "Start",
            "enable": true,
            "hide": false
        }
    },
    "navigationCondition": "",
    "position": "CENTER",
    "meta": {
        "Creator": "Rashmi Menon",
        "CreatedOn": "Thu, 05 Dec 2019 05:39:14 GMT"
    },
    "context": []
}