{
  "Tour.VoltMXOrientationV9": "Description of Tour",
  "Hike.VoltMX.VoltMXOrientationV9": "Description of hike",
  "Card.VoltMX.VoltMXOrientationV9.Build": {
    "content": {
      "title": "Build",
      "body": "<p>The<strong> Build</strong> menu helps you to preview your app or build and publish it to your Volt MX Cloud account. You can either preview your app live or on the Volt MX App.</p>"
    },
    "navigationBar": {
      "left": {
        "text": "Previous"
      },
      "right": {
        "text": "Done"
      }
    }
  },
  "Card.VoltMX.VoltMXOrientationV9.Console": {
    "content": {
      "title": "Console",
      "body": "<p>The <strong>Console</strong> displays the running record of Volt MX Iris's every activity. It also informs you of any failed action by showing an error while you initialize services, build your app or launch it.</p>"
    },
    "navigationBar": {
      "left": {
        "text": "Previous"
      },
      "right": {
        "text": "Next"
      }
    }
  },
  "Card.VoltMX.VoltMXOrientationV9.DataPanel": {
    "content": {
      "title": "Data & Services Panel",
      "body": "<p>The <strong>Data &amp; Services</strong> panel enables you to link the back-end data services to your app's user interface elements. The sample services in the <strong>Data &amp; Services</strong> panel helps you to add a service to your app.</p>"
    },
    "navigationBar": {
      "left": {
        "text": "Previous"
      },
      "right": {
        "text": "Next"
      }
    }
  },
  "Card.VoltMX.VoltMXOrientationV9.DefaultLibrary": {
    "content": {
      "title": "Default Library",
      "body": "<p>The <strong>Default Library </strong>is a collection of widgets, UI components, and icons. The components are the building blocks that allow you to create an app. The icons and components are grouped based on their usage.<br/> Explore the collection by scrolling the list or search for specific items using the search option.</p>"
    },
    "navigationBar": {
      "left": {
        "text": "Previous"
      },
      "right": {
        "text": "Next"
      }
    }
  },
  "Card.VoltMX.VoltMXOrientationV9.ProjectExplorer": {
    "content": {
      "title": "Project Explorer",
      "body": "<p>The <strong>Project </strong>explorer contains options to create apps for Responsive web, Mobile web, and Native (Android and iOS). Using the form in each channel, you can create the user interface of an app.</p>"
    },
    "navigationBar": {
      "left": {
        "text": "Previous"
      },
      "right": {
        "text": "Next"
      }
    }
  },
  "Card.VoltMX.VoltMXOrientationV9.PropertiesPanel": {
    "content": {
      "title": "Properties Panel",
      "body": "<p>The <strong>Properties </strong>panel lets you change the layout and the look and feel of the forms and widgets on the <strong>Canvas</strong>.</p>"
    },
    "navigationBar": {
      "left": {
        "text": "Previous"
      },
      "right": {
        "text": "Next"
      }
    }
  },
  "Card.VoltMX.VoltMXOrientationV9.canvas": {
    "content": {
      "title": "Canvas",
      "body": "<p>The <b>Canvas</b> is the work area where you design an app. By selecting a device and a platform from its drop-down menus, you can view how your app UI will look on a device without leaving Volt MX Iris.</p>"
    },
    "navigationBar": {
      "left": {
        "text": "Previous"
      },
      "right": {
        "text": "Next"
      }
    }
  },
  "Card.VoltMX.VoltMXOrientationV9.introduction": {
    "content": {
      "title": "Introduction to Volt MX Iris",
      "body": "<p>Learn about the <strong>Volt MX Iris </strong> features that help you build apps in simple steps without having to write any code.</p>"
    },
    "navigationBar": {
      "left": {
        "text": "Previous"
      },
      "right": {
        "text": "Start"
      }
    }
  },
  "Card.VoltMX.VoltMXOrientationV9.view": {
    "content": {
      "title": "Different Views of Volt MX Iris",
      "body": "<p>Once the application is imported successfully, you can explore the different forms in the application.</p>\n<p>The application first opens in the <strong>Storyboard</strong> view. You can view the different forms inside the app and their connections in this view.</p>\n<p>To view the <strong>Properties</strong> of each widget in a form, double click on any form to go to the <strong>Design</strong> View. You can also select the <strong>Design</strong> tab to navigate to the <strong>Design</strong> view.</p>"
    },
    "navigationBar": {
      "left": {
        "text": "Previous"
      },
      "right": {
        "text": "Next"
      }
    }
  }
}