{
    "kuid": "9e0fadt3-38a6-49r2-9bu1-595559nf",
    "id": "VoltMX.CreateDetailsScreen_v9.UIchange3",
    "content": {
        "title": "UI for Recipients Details Screen",
        "body": "<ol>\n<li>From the <strong>Project </strong>explorer, expand&nbsp;<strong>Responsive Web / Desktop</strong> &gt;&nbsp;<strong>Forms</strong> &gt; <strong>frmDetails</strong> &gt; <strong>flexFieldsContainer</strong>, and select <strong>flexRecipientID</strong>.</li>\n<li>From the <strong>Properties</strong> panel, navigate to the <strong>Look</strong> tab.</li>\n<li>Under the <strong>General </strong>section, for the <strong>Visible</strong> field, select <strong>Off</strong>.</li>\n</ol>"
    },
    "pointer": {
        "direction": "right",
        "element": {
            "module": "projectexplorer",
            "path": "project-body\\project\\Responsive Web / Desktop"
        },
        "type": "default"
    },
    "navigationType": "manual",
    "navigationBar": {
        "left": {
            "text": "Previous",
            "enable": true,
            "hide": false
        },
        "right": {
            "text": "Next",
            "enable": true,
            "hide": false
        }
    },
    "navigationCondition": "",
    "position": "BOTTOM_RIGHT",
    "meta": {
        "Creator": "Rashmi Menon",
        "CreatedOn": "Thu, 20 Feb 2020 08:24:21 GMT"
    },
    "context": []
}