{
    "kuid": "5612bct5-fbac-4fr9-aau5-32fea4nb",
    "id": "VoltMX.IntroFlexLayoutV9.AddHeader",
    "content": {
        "title": "Add Logo Widget to the FlexContainer",
        "body": "<ol>\n<li>From the bottom-left on the iris, navigate to the <b>Default Library</b>.</li><li>Next to the <b>Default Library</b>, you will see the <b>My Libraries</b> tab and a search icon. Click the search icon 🔍.</li><li>In the search bar that appears, enter <b>Logo</b>.</li><li>From the result, under <b>Headers</b>, find <b>Logo</b>.</li>\n<li>Drag and drop the <strong>Logo</strong> widget into the <strong>flxHeader</strong> form on your canvas.</li>\n<li>From the <strong>Properties</strong>  panel, expand <strong>Look</strong> &gt; <strong>Flex</strong> from the top right of Iris. Change the <strong>Width</strong> property to <strong>50%</strong>.</li>\n</ol>"
    },
    "pointer": {
        "direction": "left",
        "element": {
            "module": "konylibrary"
        },
        "type": "default"
    },
    "navigationType": "manual",
    "navigationBar": {
        "left": {
            "text": "Previous",
            "enable": true,
            "hide": false
        },
        "right": {
            "text": "Next",
            "enable": true,
            "hide": false
        }
    },
    "navigationCondition": "",
    "position": "BOTTOM_RIGHT",
    "meta": {
        "Creator": "Rashmi Menon",
        "CreatedOn": "Mon, 25 Nov 2019 07:58:41 GMT"
    },
    "context": []
}