{
    "kuid": "4961fet4-c7a3-4cr9-93u7-bab60fnf",
    "id": "VoltMX.UsingTestRecorder_v9.automate",
    "content": {
        "title": "Using Volt MX Automator",
        "body": "<ol>\n<li>From the left navigation bar, click <strong>Volt MX Automator</strong>.<br /> The <strong>Dashboard</strong> window appears.<br />In the <strong>Dashboard</strong> window, you will see the test result of the test suite that you have run. You can see the number of passed and failed test cases.</li>\n<li>In the <strong>Results</strong> column, click the test suite file.<br /> The test suite result expands to provide more details.</li>\n<li>Close the <strong>Result</strong> window.</li>\n<li>Close the <strong>Dashboard</strong> window. </li>\n</ol>"
    },
    "pointer": {
        "direction": "left",
        "element": {
            "module": "shortcutbar",
            "itemId": "frmKonyLib_QuantumAutomatorDashboard"
        },
        "type": "default"
    },
    "navigationType": "manual",
    "navigationBar": {
        "left": {
            "text": "Previous",
            "enable": true,
            "hide": false
        },
        "right": {
            "text": "Next",
            "enable": true,
            "hide": false
        }
    },
    "navigationCondition": "",
    "position": "BOTTOM_RIGHT",
    "meta": {
        "Creator": "Rashmi Menon",
        "CreatedOn": "Thu, 27 Feb 2020 09:12:26 GMT"
    },
    "context": []
}