<?xml version="1.0"?>
<Hike kuid="123e93t0-eea4-40r1-8duf-2113d8n8" id="VoltMX.createUIMobV9" title="VoltMX.createUIMobV9">
    <Description> Description of hike</Description>
    <Meta>
        <Creator>Rashmi Menon</Creator>
        <Createdon>Wed, 18 Dec 2019 06:43:53 GMT</Createdon>
    </Meta>
    <Hikecard id="VoltMX.createUIMobV9.intro"/>
    <Hikecard id="VoltMX.createUIMobV9.newProject1"/>
    <Hikecard id="VoltMX.createUIMobV9.rename"/>
    <Hikecard id="VoltMX.createUIMobV9.addUIlogin"/>
    <Hikecard id="VoltMX.createUIMobV9.createAccForm"/>
    <Hikecard id="VoltMX.createUIMobV9.addUIAccount"/>
    <Hikecard id="VoltMX.createUIMobV9.createPayForm"/>
    <Hikecard id="VoltMX.createUIMobV9.addUIPayees"/>
    <Hikecard id="VoltMX.createUIMobV9.addNavigation1"/>
    <Hikecard id="VoltMX.createUIMobV9.addNav2"/>
    <Hikecard id="VoltMX.createUIMobV9.addNav3"/>
    <Hikecard id="VoltMX.createUIMobV9.addNav4"/>
    <Hikecard id="VoltMX.createUIMobV9.addNav5"/>
    <Hikecard id="VoltMX.createUIMobV9.addNav6"/>
    <Hikecard id="VoltMX.createUIMobV9.openapp"/>
    <Hikecard id="VoltMX.createUIMobV9.settings"/>
    <Hikecard id="VoltMX.createUIMobV9.run"/>
    <Hikecard id="VoltMX.createUIMobV9.launch"/>
    <Hikecard id="VoltMX.createUIMobV9.done"/>
</Hike>