<?xml version="1.0"?>
<Hike kuid="d7b9c8t1-62ab-42r2-98u6-f6bc93nb" id="VoltMX.ApplicationChannelsV9" title="VoltMX.ApplicationChannelsV9">
    <Description> Description of hike</Description>
    <Meta>
        <Creator>Rashmi Menon</Creator>
        <Createdon>Tue, 26 Nov 2019 08:00:28 GMT</Createdon>
    </Meta>
    <Hikecard id="VoltMX.ApplicationChannelsV9.intro"/>
    <Hikecard id="VoltMX.ApplicationChannelsV9.import"/>
    <Hikecard id="VoltMX.ApplicationChannelsV9.ChannelMob"/>
    <Hikecard id="VoltMX.ApplicationChannelsV9.ChannelTab"/>
    <Hikecard id="VoltMX.ApplicationChannelsV9.ChannelWeb"/>
    <Hikecard id="VoltMX.ApplicationChannelsV9.ChannelWear"/>
    <Hikecard id="VoltMX.ApplicationChannelsV9.AppViewer"/>
    <Hikecard id="VoltMX.ApplicationChannelsV9.setting"/>
    <Hikecard id="VoltMX.ApplicationChannelsV9.run"/>
    <Hikecard id="VoltMX.ApplicationChannelsV9.explore"/>
    <Hikecard id="VoltMX.ApplicationChannelsV9.last"/>
</Hike>