{
    "kuid": "9c01bdt6-29a8-48r4-a7u6-415022n3",
    "id": "VoltMX.CreateUIRWV9.uiLogin",
    "content": {
        "title": "UI of Login Screen",
        "body": "<ol>\n<li>From the left corner of the Iris canvas, navigate to the <strong>Default Library</strong>.</li>\n<li>Click the search icon.</li>\n<li>In the search bar that appears, enter <strong>UserLogin</strong>.</li>\n<li>From the results, under the <strong>RecipientsWeb </strong>collection, select <strong>UserLogin</strong>.</li>\n<li>Drag the <strong>UserLogin </strong>collection onto <strong>frmLogin</strong> on the canvas.</li>\n</ol>"
    },
    "pointer": {
        "direction": "left",
        "element": {
            "module": "konylibrary",
            "css_selector": "div[class *='viztabActivelia']"
        },
        "type": "default"
    },
    "navigationType": "manual",
    "navigationBar": {
        "left": {
            "text": "Previous",
            "enable": true,
            "hide": false
        },
        "right": {
            "text": "Next",
            "enable": true,
            "hide": false
        }
    },
    "navigationCondition": "",
    "position": "BOTTOM_RIGHT",
    "meta": {
        "Creator": "Prem Garudadri",
        "CreatedOn": "Wed, 18 Dec 2019 16:19:32 GMT"
    },
    "context": []
}