{
    "kuid": "324f4bt0-2ba6-4fr7-8du9-2a8c5end",
    "id": "VoltMX.ConnectAppServWebV9.invokeService1",
    "content": {
        "title": "Invoke Service",
        "body": "<ol>\n<li>From the top-right corner of the <strong>Action Editor</strong>, select the <strong>Design View</strong>.</li>\n<li>Enter <b>Invoke Service</b> in the sear bar and select <strong>Invoke Service</strong> under the Network section.</li>\n<li>In the right pane of the Action Editor, from the Select Service drop-down, select <strong>RecipientStorage2$Recipients</strong>.</li>\n<li>From the <strong>Select Method</strong> drop-down, select <strong>get</strong>.</li>\n</ol>"
    },
    "pointer": {
        "direction": "left",
        "element": {
            "module": "actioneditor",
            "css_selector": "input[class *='aeViewTypeSequenceElement']"
        },
        "type": "default"
    },
    "navigationType": "manual",
    "navigationBar": {
        "left": {
            "text": "Previous",
            "enable": true,
            "hide": false
        },
        "right": {
            "text": "Next",
            "enable": true,
            "hide": false
        }
    },
    "navigationCondition": "",
    "position": "BOTTOM_RIGHT",
    "meta": {
        "Creator": "Prem Garudadri",
        "CreatedOn": "Thu, 19 Dec 2019 05:59:24 GMT"
    },
    "context": []
}