{
    "kuid": "f912a9t5-c5a8-4dre-95u5-349300n8",
    "id": "VoltMX.PubishAppEnterpriseStoreV9.explore",
    "content": {
        "title": "Explore the App",
        "body": "<ol>\n<li>After you have installed the app, open the app. <br/>From the <b>Volt MX JavaScript Debugger Configuration</b> window, select <b>Cancel</b>.</li><li>Enter the following login credentials in your app.\n<ul>\n<li>Username: <b>john.doe@woodburn.com</b></li>\n<li>Password: <b>VoltMX@123</b></li>\n</ul>\n</li>\n<li>Click <strong>Login</strong>.<br /> The <b>Account list</b> appears.</li>\n<li>Click&nbsp;<strong>Recipients</strong>.&nbsp;<br /> The&nbsp;<strong>Recipient list</strong> appears.</li>\n<li>Click Add<strong>(+)</strong>, to add a&nbsp;recipient to your account.</li>\n<li>Select&nbsp;a recipient from the list to view their details.<br /> From the details page, you can edit or delete the recipient.</li>\n</ol>"
    },
    "pointer": {
        "direction": "left",
        "element": "",
        "type": "none"
    },
    "navigationType": "manual",
    "navigationBar": {
        "left": {
            "text": "Previous",
            "enable": true,
            "hide": false
        },
        "right": {
            "text": "Next",
            "enable": true,
            "hide": false
        }
    },
    "navigationCondition": "",
    "position": "CENTER",
    "meta": {
        "Creator": "Prem Garudadri",
        "CreatedOn": "Wed, 18 Dec 2019 10:03:40 GMT"
    },
    "context": []
}