{
    "kuid": "e2e5a3tc-cea0-42r7-87ub-2a97c3nd",
    "id": "VoltMX.IntroductiontoSegmentV9.renameForm",
    "content": {
        "title": "Rename the Form",
        "body": "<ol>\n<li>In the <strong>Storyboard</strong> view, above the new Form, click <strong>Form1</strong>.</li>\n<li>Rename the form from <b>From1</b> to <strong>frmList</strong>.</li>\n<li>To add widgets to the form, double-click on the form to open the form in <strong>Design </strong>view.</li>\n</ol>"
    },
    "pointer": {
        "direction": "left",
        "element": {
            "module": "appcanvas",
            "paneId": "ac-area-one"
        },
        "type": "default"
    },
    "navigationType": "manual",
    "navigationBar": {
        "left": {
            "text": "Previous",
            "enable": true,
            "hide": false
        },
        "right": {
            "text": "Next",
            "enable": true,
            "hide": false
        }
    },
    "navigationCondition": "",
    "position": "BOTTOM_RIGHT",
    "meta": {
        "Creator": "Rashmi Menon",
        "CreatedOn": "Mon, 25 Nov 2019 10:10:17 GMT"
    },
    "context": []
}