{
    "kuid": "a84af5t9-2cae-42rc-8du5-bd551ane",
    "id": "VoltMX.createUIMobV9.openapp",
    "content": {
        "title": "Volt MX App",
        "body": "<ol>\n<li>Connect your mobile device to your computer using a USB cable.<br /> For an Android mobile device, ensure that the user of USB is set as <strong>Transfer files</strong>.<br /> For an iOS mobile device, ensure that <strong>trust </strong>has been established between your device and your computer.</li>\n<li>Launch your <strong>Volt MX App </strong>on your mobile device.</li>\n<li>Select the <strong>USB</strong> tab. <br />On a successful connection, <strong>Iris</strong> on your computer shows a success prompt.</li>\n</ol>"
    },
    "pointer": {
        "direction": "left",
        "element": "",
        "type": "none"
    },
    "navigationType": "manual",
    "navigationBar": {
        "left": {
            "text": "Previous",
            "enable": true,
            "hide": false
        },
        "right": {
            "text": "Next",
            "enable": true,
            "hide": false
        }
    },
    "navigationCondition": "",
    "position": "CENTER",
    "meta": {
        "Creator": "Rashmi Menon",
        "CreatedOn": "Wed, 18 Dec 2019 08:46:22 GMT"
    },
    "context": []
}