{
    "kuid": "7ec095tb-51a1-40r8-a7u4-3d85b4n5",
    "id": "VoltMX.CreateUIRWV9.addNavigation3",
    "content": {
        "title": "Add Navigation from Account Screen",
        "body": "<ol>\n<li>From the <strong>Action Editor</strong> left menu, under the <strong>General </strong>section, select <strong>Navigate to Form</strong><strong>.<br /></strong></li>\n<li>In the right pane of the <strong>Action Editor</strong>, select <strong></strong><strong>frmRecipients</strong>.</li>\n<li>Click <strong>Save</strong>.</li>\n</ol>"
    },
    "pointer": {
        "direction": "left",
        "element": {
            "module": "actioneditor",
            "itemType": "ae-action-type",
            "info": {
                "actionType": "Navigate to Form"
            }
        },
        "type": "default", "isFixed": false
    },
    "navigationType": "manual",
    "navigationBar": {
        "left": {
            "text": "Previous",
            "enable": true,
            "hide": false
        },
        "right": {
            "text": "Next",
            "enable": true,
            "hide": false
        }
    },
    "navigationCondition": "",
    "position": "BOTTOM_LEFT",
    "meta": {
        "Creator": "Prem Garudadri",
        "CreatedOn": "Wed, 18 Dec 2019 16:27:31 GMT"
    },
    "context": []
}